show_id,title_name,category,sub_category,duration,age_rating,type,year,origin_region,language,episode_count,is_kids_content,imdb_rating,imdb_votes
tt5336140,Gece,Action,Adventure,75,18+,Movie,1989,TR,nan,1,False,,
tt0382083,Hodri Meydan,Adventure,nan,100,PG,Movie,1962,TR,nan,1,True,5.9,20.0
tt0368651,Civilian Casualties: Fragments from the War on Terror,Documentary,nan,60,PG,Movie,2003,US,nan,1,True,6.1,10.0
tt0791389,Salud integral,Documentary,nan,60,13+,Series,2003,MX,nan,7,False,,
tt29518263,Bob Gurr: Never Say No,Documentary,nan,75,PG,Movie,2023,CA,nan,1,True,,
tt0125247,Inside Pussycat,Adult,nan,54,PG,Movie,1977,US,nan,1,True,5.0,10.0
tt1213631,Achchamundu! Achchamundu!,Drama,Thriller,135,16+,Movie,2009,GB,en,1,False,6.0,338.0
tt11582710,Kunwar Sahab,Family,nan,83,16+,Movie,2016,IN,nan,1,False,,
tt12573378,Fracketty Frack: It's the Frackpocalypse,Comedy,nan,60,PG,Movie,2020,AU,nan,1,True,,
tt2234123,Harde Strenger,Action,Comedy,92,18+,Movie,2012,NO,nan,1,False,7.1,29.0
tt14605258,Intolerance,Drama,nan,107,16+,Movie,2021,AU,ja,1,False,7.2,650.0
tt12788656,Negative Exposure,Drama,Family,112,18+,Movie,2020,CA,en,1,True,7.9,23.0
tt1726744,Seikatsu hogo uchikiri tai,Comedy,nan,117,16+,Movie,2008,JP,ja,1,False,,
tt9437362,Denizlerimizin Hukukcu Kaptani: Gunduz Aybay,Documentary,nan,71,13+,Movie,2019,TR,nan,1,False,,
tt8415836,Guillermo del Toro's Cabinet of Curiosities,Drama,Horror,60,PG,Series,2022,TH,en,8,True,7.0,63193.0
tt0404635,Milkshake,Comedy,Drama,30,PG,Series,1994,FI,nan,17,True,5.9,20.0
tt19876156,Yada Yada Hi Dharmasya,Action,nan,131,13+,Movie,2019,IN,nan,1,False,4.6,9.0
tt0391688,Spin Off,Comedy,nan,10,PG,Series,1988,GB,nan,27,True,,
tt0332963,No tienes derecho a juzgarme,Drama,Romance,60,PG,Series,1979,MX,nan,20,False,,
tt14661124,"My New Life, My Brother",Documentary,nan,71,PG,Movie,2008,GB,en,1,True,,
tt0341329,Close Kung Fu Encounter,Action,nan,95,18+,Movie,1975,US,en,1,False,5.8,13.0
tt6576942,Madi,Drama,nan,90,PG,Movie,2016,US,nan,1,True,,
tt0172925,Orisiya,Drama,nan,86,16+,Movie,1983,DDDE,en,1,False,7.8,72.0
tt0356120,Thirumanassu,Drama,nan,127,16+,Movie,1995,IN,en,1,True,3.7,15.0
tt7060750,Daybreak,Drama,nan,85,16+,Movie,2017,CN,cmn,1,False,7.0,49288.0
tt9689912,Antony and Cleopatra 2020,Drama,History,72,16+,Movie,2020,US,nan,1,False,3.6,12.0
tt0216392,Voto di marinaio,Drama,nan,91,13+,Movie,1953,IT,nan,1,False,,
tt30589284,Women Against the Bomb,Documentary,nan,58,PG,Movie,2021,SE,en,1,True,,
tt5302804,Thomas Edison's Secret Lab,Action,Adventure,12,16+,Series,2015,IE,ga,53,False,6.9,67.0
tt5875646,Freakish,Action,Drama,22,18+,Series,2016,GB,en,20,False,6.2,3305.0
tt2468242,A Baseball Love Story: The Texas Rangers,Documentary,nan,70,13+,Movie,2012,GB,nan,1,False,,
tt0490714,Booh!,Comedy,Family,30,G,Series,2005,BE,nan,27,True,9.0,19.0
tt0842539,Elav jõud,Documentary,nan,58,PG,Movie,2003,EE,nan,1,True,7.6,21.0
tt1545627,"Goodbye, How Are You?",Comedy,Documentary,60,16+,Movie,2009,DE,en,1,False,7.9,179.0
tt0074113,Alice in Wonderland: An X-Rated Musical Fantasy,Adult,Comedy,88,13+,Movie,1976,ES,en,1,False,6.2,3322.0
tt14208710,Bluu Drift,Drama,nan,60,13+,Movie,2022,GB,nan,1,False,,
tt26736354,Butch vs. Sundance,Adventure,Drama,99,13+,Movie,2023,AU,en,1,False,5.9,94.0
tt0115242,The Legacy of Reginald Perrin,Comedy,nan,30,18+,Series,1996,GB,nan,7,True,6.7,96.0
tt3324612,Take One,Drama,Family,97,G,Movie,2014,IN,en,1,True,4.9,238.0
tt1943052,Zoku Akôjô,nan,nan,100,13+,Movie,1952,JP,ja,1,False,,
tt0306070,Sis: The Perry Watkins Story,Documentary,nan,60,PG,Movie,1994,US,nan,1,True,,
tt10847534,Papa Don's Pizza,Comedy,nan,3,PG,Series,2019,US,nan,17,True,,
tt0313127,Shaul,Comedy,nan,25,13+,Series,2002,IL,nan,2,False,,
tt8995032,Champagne on Ice,Music,nan,45,PG,Series,1970,GB,nan,6,True,,
tt0135161,Bhai,Action,Drama,147,16+,Movie,1997,IN,en,1,False,5.3,546.0
tt5705192,The Coroner: I Speak for the Dead,Crime,Mystery,45,16+,Series,2016,ES,en,30,False,7.3,242.0
tt33308720,El Ojo del Gato,Action,Animation,18,18+,Series,2005,CL,nan,12,False,,
tt0247905,76-89-03,Comedy,nan,85,13+,Movie,2000,AR,nan,1,False,7.2,480.0
tt32298285,Sirat,Action,Adventure,115,13+,Movie,2025,PT,en,1,False,7.1,9140.0
tt35368668,Campanadas en Andalucía,Family,News,30,16+,Series,1992,ES,nan,33,False,,
tt34983230,The Waiter,Action,Comedy,100,16+,Movie,2024,CA,en,1,False,7.3,56.0
tt32526630,Newsroom: Murder in Tetovo,Crime,Documentary,78,18+,Movie,2023,US,en,1,False,,
tt1544568,The Bride's Week,Documentary,nan,49,PG,Movie,2008,IT,en,1,True,7.7,10.0
tt0026373,Folies Bergère de Paris,Comedy,Musical,82,13+,Movie,1935,ES,tr,1,False,6.5,360.0
tt13137454,Sumna's Letter,Documentary,nan,54,PG,Movie,2012,GB,en,1,True,,
tt0045395,General Electric Theater,Drama,nan,30,16+,Series,1953,ES,en,303,False,6.8,464.0
tt10323428,Evil Lurks,Horror,nan,104,18+,Movie,2023,AU,en,1,False,3.4,115.0
tt0432011,Radha Gopalam,Drama,nan,153,16+,Movie,2005,IN,en,1,False,5.4,109.0
tt0392352,Lokval in Venesië,Crime,Musical,88,18+,Movie,1972,ZA,nan,1,False,5.6,19.0
tt2179140,Cinema Jenin: The Story of a Dream,Documentary,Drama,95,13+,Movie,2011,DE,nan,1,False,7.3,71.0
tt0250999,Calais-Douvres,Comedy,Drama,87,16+,Movie,1931,TR,tr,1,True,6.0,22.0
tt0239234,The Lady and the Duke,Drama,History,129,PG,Movie,2001,PE,bs,1,True,6.8,2954.0
tt18556194,Narigal,Crime,nan,127,18+,Movie,2022,DE,en,1,False,5.1,25.0
tt14809682,"Colza, lo invisible",Documentary,nan,76,PG,Movie,2021,ES,nan,1,True,7.1,10.0
tt0227523,A Song for Quebec,Documentary,nan,56,PG,Movie,1988,US,nan,1,True,,
tt0284100,Farfalle,Comedy,nan,88,16+,Movie,1997,IT,nan,1,False,2.9,21.0
tt3911248,The Deadly Strands,Drama,Horror,90,PG,Movie,2013,GB,en,1,True,4.1,18.0
tt0252385,Do Gaz Zameen Ke Neeche,Horror,nan,127,18+,Movie,1972,IN,en,1,False,5.6,130.0
tt6673840,Spacewalker,Drama,History,137,PG,Movie,2017,ES,en,1,True,7.2,8579.0
tt34622087,M.E.N.T.E.S. Heróis da Ciência e Tecnologia,Drama,Cartoon,21,PG,Series,2024,BR,nan,11,True,,
tt2764388,"Habi, la extranjera",Drama,nan,92,PG,Movie,2013,SE,en,1,True,5.9,101.0
tt1957863,Chalkboard,SciFi,Thriller,60,18+,Movie,2011,US,nan,1,False,,
tt6029202,Shattered,nan,nan,94,13+,Movie,2007,CA,en,1,False,5.8,19.0
tt26445037,Knowing the Score,Biography,Documentary,90,13+,Movie,2023,AU,en,1,False,6.6,35.0
tt37964083,Kakanda,Drama,nan,107,16+,Movie,2024,NG,nan,1,False,,
tt0250684,Rani Chanamma,nan,nan,187,13+,Movie,1962,IN,kn,1,False,8.8,10.0
tt0009058,Fast Company,Comedy,nan,50,PG,Movie,1918,US,nan,1,True,,
tt7344246,#LadyRancho,Comedy,nan,92,13+,Movie,2018,MX,nan,1,False,4.5,458.0
tt3765958,Messages Musicaux - Le Sénégal en transformation,Documentary,Music,76,13+,Movie,2013,XWW,en,1,False,,
tt0293990,Ad and Lib,Comedy,nan,15,PG,Series,1954,CA,nan,7,True,4.5,11.0
tt6675536,Holy Hustle,Comedy,nan,110,16+,Movie,2017,GB,nan,1,False,6.3,20.0
tt0266967,Singur de cart,Drama,nan,94,13+,Movie,1983,RO,nan,1,False,6.1,21.0
tt0011020,The Branded Woman,Drama,nan,84,16+,Movie,1920,PT,ja,1,False,,
tt35093542,Israel a Pilgrimage to the Holy Land,Documentary,nan,95,PG,Movie,2021,CA,en,1,True,,
tt0189589,How to Enjoy Wine,Documentary,nan,60,PG,Movie,1984,GB,nan,1,True,,
tt5541206,The Idea of a Lake,Drama,nan,82,16+,Movie,2016,AR,en,1,False,6.3,248.0
tt35231730,Tales of a Space Pirate Coming from the Moon.,Biography,Documentary,140,16+,Movie,2025,IT,nan,1,False,9.2,25.0
tt7218770,Tommy Does Denmark,Documentary,nan,47,PG,Movie,2017,GB,nan,1,True,,
tt0191335,"Oswalt Kolle: Deine Frau, das unbekannte Wesen",Adult,Drama,96,PG,Movie,1969,GB,nan,9,True,5.2,58.0
tt22331396,A Woman,Drama,nan,118,13+,Movie,2022,UY,en,1,False,6.3,53.0
tt11434666,"Heyyy, It's the King!",Adventure,Animation,9,13+,Series,1977,IT,nan,13,False,6.2,34.0
tt6050668,The Best People,Comedy,nan,83,G,Movie,2017,GB,ca,1,False,4.5,193.0
tt0066183,One More Time,Comedy,Thriller,92,16+,Movie,1970,FI,tr,1,True,4.9,592.0
tt0052933,It Happened to Jane,Comedy,Romance,97,16+,Movie,1959,US,es,1,False,6.5,3341.0
tt5970644,Innocent?,Crime,Drama,122,16+,Movie,2016,US,nan,1,False,,
tt0034137,El rápido de las 9.15,Drama,nan,90,PG,Movie,1941,MX,nan,1,True,6.9,15.0
tt36984240,The Book of Sijjin and Illiyyin,Horror,Thriller,99,16+,Movie,2025,JP,en,1,False,6.5,238.0
tt2086905,"Ryang-kang-do: Merry Christmas, North!",Comedy,Drama,95,PG,Movie,2011,GB,en,1,True,5.8,106.0
tt36051611,The Stained Hanes Show,Comedy,nan,49,13+,Movie,2025,CA,en,1,False,7.2,14.0
tt35765643,Snezhnaya koroleva,Musical,nan,110,13+,Movie,2025,RU,nan,1,False,,
tt5425574,Grateful,Biography,Crime,57,13+,Movie,2015,GB,en,1,False,,
tt0341892,Nashville North,Music,nan,30,PG,Series,1970,CA,en,3,True,,
tt1495902,Pangarööv,Drama,nan,93,PG,Movie,2009,CA,en,1,True,5.9,145.0
tt0243604,This Is Not an Exit: The Fictional World of Bret Easton Ellis,Documentary,nan,80,13+,Movie,1999,GB,nan,1,False,6.0,182.0
tt0196240,The Cut,Music,nan,30,PG,Series,1998,US,nan,51,True,,
tt13130818,The Arch.,Documentary,nan,104,13+,Movie,2020,IT,nan,1,False,,
tt19798116,Maybe Baby,Comedy,nan,104,13+,Movie,2023,XWW,en,1,False,5.8,1346.0
tt10446710,King of Prism: Shiny Seven Stars IV,Animation,Musical,70,13+,Movie,2019,JP,ja,1,False,,
tt5602510,Lala Begum,Drama,Thriller,58,18+,Movie,2016,PK,nan,1,True,7.0,30.0
tt3429448,No.9,Biography,Documentary,76,PG,Movie,2013,NZ,nan,1,True,,
tt30068798,Chasing the Dazzling Light,Documentary,nan,63,13+,Movie,2023,DE,nan,1,False,,
tt0244886,Zabawka,Drama,Romance,80,PG,Movie,1933,DE,nan,1,True,6.1,27.0
tt28185948,Shree,Drama,nan,117,PG,Movie,2021,NP,nan,1,True,8.7,8.0
tt0059997,It's About Time,Science Fiction,Sci-Fi,30,16+,Series,1966,BR,en,26,False,6.0,629.0
tt0046376,Straßenserenade,Comedy,Music,87,16+,Movie,1953,BE,qbn,1,False,6.7,15.0
tt0036492,Varjoja Kannaksella,Crime,Drama,88,18+,Movie,1943,FR,en,1,False,5.0,55.0
tt10200416,Tote Menschen schreien nicht,nan,nan,60,13+,Movie,2002,XWW,en,1,False,,
tt12283858,Shadows of Life,Drama,nan,60,16+,Movie,2012,US,nan,1,False,,
tt9529556,198 Grand,Crime,nan,105,18+,Movie,2019,GB,en,1,False,5.3,18.0
tt2120764,The Adventure of Gamba and the Otter,Animation,nan,75,PG,Movie,1991,US,nan,1,True,6.7,24.0
tt1391809,Journey of Faith,Documentary,nan,60,13+,Movie,2008,US,nan,1,False,7.9,12.0
tt1273620,Step Up to the Plate,Game-Show,nan,45,13+,Series,2008,EC,nan,40,False,,
tt10402852,Zenigata Heiji: Ghost Lord,nan,nan,89,PG,Movie,1954,GB,en,1,True,,
tt7453438,Nase zprávy,News,nan,19,PG,Series,2016,CZ,nan,1,True,,
tt8306106,WomenWorld Show,Talk-Show,nan,15,16+,Series,2018,GB,nan,6,False,,
tt37211794,Alpes 62,Documentary,nan,62,13+,Movie,1963,FR,nan,1,False,,
tt9220704,The Mel Robbins Show,Talk-Show,nan,60,PG,Series,2019,US,nan,20,True,5.9,36.0
tt0256075,Hippy Hippy Sex,nan,nan,68,PG,Movie,1968,NL,de,1,True,3.4,20.0
tt2245277,Watercolor Postcards,Drama,nan,115,PG,Movie,2013,AU,en,1,True,5.4,441.0
tt5046334,Terra di nessuno,Documentary,nan,65,PG,Movie,2015,FR,nan,1,True,,
tt0385460,Raymann is laat,Animation,Comedy,40,13+,Series,2001,US,nan,90,False,6.0,95.0
tt3620452,Don't Fuck in the Woods,Horror,nan,73,16+,Movie,2016,ID,en,1,False,2.9,2018.0
tt2845992,Ultimate Animal Countdown,Documentary,nan,60,13+,Series,2013,BR,nan,10,False,7.9,31.0
tt0376994,X-Men: The Last Stand,Action,Adventure,104,18+,Movie,2006,NL,en,1,False,6.6,566662.0
tt3283448,Ride the Sky,Adventure,Biography,74,PG,Movie,2014,US,nan,1,True,,
tt15035104,"Apples, Oranges, Lemons & Limes",Comedy,Drama,45,13+,Movie,2022,US,en,1,False,7.9,30.0
tt1975211,Blue Lodge,Drama,Romance,97,13+,Movie,2011,GB,en,1,False,4.5,264.0
tt0265526,The Pictures That Moved: Australian Cinema 1896-1920,Documentary,History,45,13+,Movie,1968,AU,nan,1,False,8.1,21.0
tt11941730,Parda,Drama,nan,123,16+,Movie,1949,IN,nan,1,False,,
tt1767353,Commie Camp,Comedy,Documentary,81,13+,Movie,2013,US,nan,1,False,,
tt8484160,Black Beauty,Drama,Family,110,G,Movie,2020,IL,en,1,True,6.4,4702.0
tt0260697,As Amiguinhas,Crime,nan,89,18+,Movie,1979,BR,nan,1,False,,
tt6717334,Au nom du fil,Documentary,nan,90,PG,Movie,2012,FR,nan,1,True,,
tt31645581,I Wish I Were a Camera,Documentary,Drama,369,13+,Movie,2025,US,nan,1,False,,
tt1742042,"France, mère des arts, des armes et des lois",Drama,nan,45,16+,Movie,1975,FR,nan,1,False,,
tt38631448,The Possession of Arne Rose,Horror,nan,43,18+,Movie,2025,US,nan,1,False,,
tt9587950,Free Skate,Drama,Thriller,120,16+,Movie,2022,DE,nan,1,False,5.7,107.0
tt0074083,Shadows in an Empty Room,Action,Crime,99,16+,Movie,1976,GB,en,1,False,6.3,1208.0
tt0240805,Pierre qui brûle,Drama,nan,80,13+,Movie,1991,FR,nan,1,False,9.0,36.0
tt1990199,Dance Dance Revolution: The Warrior's Path,Comedy,Sport,64,PG,Movie,2011,JP,ja,1,True,9.4,12.0
tt6753458,Anak Perawan di Sarang Penjamun,Drama,nan,127,13+,Movie,1962,DE,nan,1,False,,
tt19864784,Sospesi,Documentary,nan,89,PG,Movie,2022,XWW,en,1,True,9.6,47.0
tt0818893,Health on the Line,Talk-Show,nan,44,16+,Series,2001,CA,nan,1,False,,
tt0115004,Young Policemen in Love,Action,Comedy,82,18+,Movie,1995,TW,en,7,False,5.5,66.0
tt0102297,Love at First Sight,Drama,Romance,105,13+,Movie,1991,DE,en,1,False,6.6,55.0
tt0168367,Polka Dot Door,Family,Musical,30,16+,Series,1971,CA,en,385,False,7.6,376.0
tt11239870,White Valentine,Romance,nan,95,PG,Movie,2016,GB,en,1,True,8.5,11.0
tt0235971,Amadas e Violentadas,Crime,nan,100,18+,Movie,1975,BR,en,1,False,5.9,88.0
tt27897503,Zakkyo kazoku,nan,nan,110,PG,Movie,1956,XWW,en,1,True,7.0,6.0
tt3243126,There Will Be Followers,War,nan,96,18+,Movie,1963,CN,cmn,1,False,7.0,11265.0
tt38891015,Rage,Thriller,nan,132,13+,Movie,2026,IN,nan,1,False,,
tt1313062,Georgian Underworld,Drama,nan,60,16+,Series,2003,GB,nan,5,False,,
tt14947364,It don't bother me at all,Drama,nan,93,16+,Movie,2021,US,nan,1,False,,
tt0315686,Robbery Homicide Division,Crime,Drama,60,18+,Series,2002,US,ja,1,False,8.0,442.0
tt0236982,Ana si hotul,Drama,nan,94,PG,Movie,1981,RO,nan,1,True,6.9,53.0
tt16700424,Aazad Qaidi,Action,Crime,141,13+,Movie,2006,PK,nan,1,False,,
tt0050601,Kleren maken de man,Comedy,nan,93,13+,Movie,1957,NL,nan,1,False,5.4,14.0
tt0131353,Death Diploma,Documentary,nan,50,PG,Movie,1987,GB,nan,1,True,6.6,41.0
tt0367714,Exist,Drama,Romance,80,16+,Movie,2004,US,nan,1,False,7.0,60.0
tt9638614,Pollo crudo,Crime,Drama,15,18+,Movie,2018,IT,nan,1,False,,
tt13995474,Sasaki in My Mind,Drama,nan,118,PG,Movie,2020,PH,en,1,True,6.6,137.0
tt0360258,Enquête sur la santé mentale d'un pays au dessus de tout soupçon,Documentary,nan,135,G,Series,1977,FR,nan,17,False,,
tt0079569,Tono Eijirô no Mito Kômon,nan,nan,88,13+,Movie,1978,JP,en,1,False,7.2,16.0
tt1373273,Kill Me,Comedy,Drama,95,PG,Movie,2009,XWW,en,1,True,4.9,322.0
tt4917622,Mountain,Drama,nan,83,PG,Movie,2015,PL,he,1,True,6.4,289.0
tt5478278,Unmexican,Comedy,Drama,49,13+,Movie,2014,US,nan,1,False,,
tt1754146,Look at What the Light Did Now,Documentary,Music,77,13+,Movie,2010,GB,nan,1,False,7.7,90.0
tt0166707,Midnight,Crime,Drama,75,13+,Movie,1998,NL,en,7,False,6.8,822.0
tt11698624,Bureau of Time Intelligence,Sci-Fi,nan,120,PG,Series,2025,ES,nan,17,True,,
tt0107518,"Mario, Maria e Mario",Comedy,Drama,102,PG,Movie,1993,AR,nan,1,True,5.8,167.0
tt11615290,Beastie Boys Story,Biography,Documentary,119,16+,Movie,2020,ES,cmn,1,False,7.7,8651.0
tt6965802,OK K.O.! Let's Be Heroes,Action,Adventure,11,13+,Series,2017,PH,en,108,False,6.9,3901.0
tt5203734,Columbus,Comedy,nan,127,PG,Movie,2015,FR,en,1,True,6.2,144.0
tt0254667,Pavalakkodi,Drama,nan,90,16+,Movie,1934,IN,nan,1,False,,
tt0102620,"Hey, Lads and Lasses",Drama,nan,88,13+,Movie,1991,FR,en,1,False,7.3,93.0
tt3231350,Whom Should We Shoot?,Crime,Drama,89,13+,Movie,1975,GB,en,1,False,6.9,175.0
tt0089689,Nine Deaths of the Ninja,Action,Thriller,94,16+,Movie,1985,PH,en,1,False,3.9,1714.0
tt0764964,Zoo Doctor: My Mom the Vet,Drama,Family,50,G,Series,2006,HU,en,110,True,6.3,86.0
tt21376884,The Kiev Trial,Documentary,nan,106,13+,Movie,2022,HK,cmn,1,False,6.8,64.0
tt1092287,Undercover,Action,Crime,84,18+,Movie,2007,GR,en,1,False,5.6,76.0
tt20388362,Women Fighters: The Triple Liberation - Part I: 1930-1949,Documentary,History,120,PG,Movie,2022,XWW,en,1,True,,
tt25011120,First Gen,Comedy,nan,20,13+,Series,2023,US,nan,22,False,,
tt0483092,Noticias de la guerra en Colombia,Documentary,nan,52,13+,Movie,2002,CO,nan,1,False,,
tt0103879,Letter to Jonas,Drama,nan,45,PG,Movie,1992,GB,en,1,True,4.9,39.0
tt13020786,Cosmos Global,Documentary,nan,52,PG,Series,2007,GB,en,71,True,,
tt0109491,Country Life,Drama,Romance,118,16+,Movie,1994,BR,bg,1,False,6.6,877.0
tt7147012,Honô no onna,nan,nan,81,13+,Movie,1966,JP,ja,1,False,,
tt0439402,Talk About,Family,Game-Show,30,13+,Series,1988,CA,en,260,False,8.2,38.0
tt0183873,Teddy boy... agapi mou,Comedy,nan,80,16+,Movie,1965,XYU,sr,1,False,5.8,412.0
tt0175123,Rites of Winter,Drama,nan,98,16+,Movie,1996,GB,nan,1,False,,
tt0805527,Finally Sayin' What I Really Mean...,Documentary,nan,75,13+,Movie,2006,US,nan,1,False,,
tt9573314,Kinpatsu seikan chitai,nan,nan,61,13+,Movie,1977,JP,ja,1,False,,
tt0117111,Muqaddar,Crime,nan,181,18+,Movie,1996,IN,nan,1,False,6.6,56.0
tt12263438,96°C Café,Drama,Romance,60,13+,Series,2013,CN,cmn,2,False,7.0,20795.0
tt2723336,The Road to Silverstone,Adventure,Documentary,58,PG,Movie,2014,FI,sv,1,True,7.7,9.0
tt16731898,Raconteur with John Lazarus,Talk-Show,nan,58,PG,Series,2021,CA,nan,15,True,,
tt0219915,Hell's Cargo,Action,Adventure,58,13+,Movie,1935,US,nan,1,False,6.6,18.0
tt3259100,Paranormal Home Inspectors,Documentary,nan,23,PG,Series,2011,US,en,1,True,4.4,103.0
tt0115932,Le complexe de Toulon,Comedy,nan,81,13+,Movie,1995,EC,nan,1,False,7.4,33.0
tt2261737,King Solomon's Mines,Adventure,nan,89,PG,Movie,1919,GB,nan,1,True,6.9,27.0
tt5953298,Un monde inaperçu,Documentary,nan,95,PG,Movie,2017,CA,en,1,True,,
tt0488920,De nieuwe avonturen van Clown Bassie: De reis van Zwarte Piet,Comedy,Family,90,G,Series,2005,NL,nan,13,True,5.0,31.0
tt6568210,Window to Mulajje,Documentary,nan,65,PG,Movie,2017,UG,nan,1,True,,
tt0302021,Wating,Action,Drama,120,13+,Movie,1994,PH,nan,1,False,7.0,26.0
tt14010936,Grünberg und Kuhnt - Kommissare ermitteln,Crime,nan,22,18+,Series,2020,DE,nan,20,False,,
tt10037546,Monzetsu! Ijô taiken,nan,nan,62,16+,Movie,1982,JP,ja,1,False,,
tt0193359,The Old Curiosity Shop,Drama,nan,70,PG,Movie,1921,GB,nan,1,True,,
tt1141279,Young Cesar,Crime,Drama,90,13+,Movie,2007,EC,nan,1,False,7.2,26.0
tt0140018,Elvis and Marilyn,Comedy,Drama,93,PG,Movie,1998,US,fr,1,True,6.9,59.0
tt0204547,Come by on the First of the Month,Comedy,nan,80,PG,Movie,1965,XWW,en,1,True,6.0,210.0
tt15470550,Strange Toys,SciFi,Sci-Fi,85,18+,Movie,2025,CA,en,1,False,,
tt3866736,Veda,Documentary,nan,90,PG,Movie,2014,US,nan,1,True,,
tt0946433,Born to Be...,Music,nan,24,16+,Series,2005,CA,nan,28,False,5.1,27.0
tt3807604,"Emerson, Lake and Palmer on Tour",Family,nan,54,PG,Movie,1973,GB,nan,1,True,6.9,12.0
tt2076205,Fourplay,Comedy,Drama,80,13+,Movie,2012,US,nan,1,False,6.8,69.0
tt15710822,Jack & Jill: The Hills of Hell,Horror,nan,76,18+,Movie,2022,ZA,en,1,False,2.7,238.0
tt3315852,Aramizda Kalsin,Comedy,Drama,90,PG,Series,2013,DE,ja,52,True,7.6,616.0
tt1720621,Trafficked,Drama,Thriller,108,16+,Movie,2017,SG,en,1,False,5.8,2027.0
tt13003952,Into the Night,Drama,nan,90,16+,Movie,2020,US,nan,1,False,,
tt14866994,The Shift,Drama,nan,40,16+,Series,2022,XWW,en,12,False,7.5,432.0
tt0328767,Mi mujer y yo,Drama,Romance,30,16+,Series,1963,MX,nan,54,False,,
tt28079064,"Brooklyn, Minnesota",Drama,nan,105,13+,Movie,2024,AU,en,1,False,9.1,21.0
tt18816836,My Wonderful Stranger,Drama,nan,101,PG,Movie,2024,SE,en,1,True,5.7,142.0
tt0037292,Som folk är mest,Comedy,Romance,87,13+,Movie,1944,XWW,en,1,False,5.3,103.0
tt1338616,I Want to Destroy America,Documentary,Music,66,13+,Movie,2006,GB,nan,1,False,7.2,13.0
tt36064806,The Invisible - Agents of Ungentlemanly Warfare,Musical,nan,134,PG,Movie,2024,CA,nan,1,True,,
tt2926616,Adventure Prone,Adventure,Comedy,180,PG,Movie,2013,US,nan,1,True,,
tt29243069,Ipar Adalah Maut,Drama,Romance,131,PG,Movie,2024,SG,ms,1,True,7.0,1421.0
tt14432598,Sana all,Romance,nan,106,16+,Movie,2021,TW,nan,1,False,8.5,8.0
tt0189659,"Loma, davitskebuli megobari",Family,nan,75,13+,Movie,1982,FI,ru,1,False,6.7,20.0
tt38588187,"American Sasquatch: Man, Myth or Monster",Documentary,nan,98,13+,Movie,2025,US,nan,1,False,,
tt4664042,Carvalho's Journey,Biography,Documentary,85,13+,Movie,2015,GB,nan,1,False,6.8,9.0
tt3111614,Sex in the World,Documentary,nan,52,13+,Series,2009,BE,nan,21,False,,
tt0292815,Long Way to the Top,Documentary,Music,60,13+,Series,2001,AU,nan,6,False,8.6,29.0
tt10795642,Copa del Rey - Final Athletic Bilbao vs Barcelona,Sport,nan,90,16+,Movie,2012,ES,nan,1,False,,
tt0062523,"Zhenya, Zhenechka i 'Katyusha'",Comedy,Romance,85,PG,Movie,1967,HU,ru,1,True,7.5,608.0
tt5584906,Black Eyed Susan,SciFi,Thriller,85,16+,Movie,2024,AU,en,1,False,5.1,403.0
tt0244520,El fugitivo,Action,Drama,89,13+,Movie,1966,EC,nan,1,False,7.5,22.0
tt0027752,The Only Son,Drama,nan,82,13+,Movie,1936,CA,fr,1,False,7.7,4404.0
tt0198585,Juan de la calle,nan,nan,105,16+,Movie,1941,VE,nan,1,False,,
tt28717819,SMERSH. Prodolzhenie,Action,Drama,48,16+,Series,2022,RU,nan,12,False,6.0,27.0
tt32129665,She Walks in Darkness,Drama,History,108,PG,Movie,2025,AR,tr,1,True,6.6,2421.0
tt0245500,The Land of the Wandering Souls,Documentary,nan,100,PG,Movie,2000,CA,fr,1,True,7.6,77.0
tt0079172,Frak dlya shalopaya,Adventure,Family,69,G,Movie,1980,SUHH,ru,1,True,6.1,25.0
tt1663627,Chemo,Documentary,nan,58,PG,Movie,2009,PL,en,1,True,7.2,42.0
tt0027810,It's Love Again,Comedy,Musical,83,16+,Movie,1936,DK,ja,1,False,6.3,385.0
tt19845414,Hell Dogs,Action,Crime,138,16+,Movie,2022,GR,en,1,False,6.7,2530.0
tt11134408,Unbeatable You,Comedy,Drama,43,PG,Series,2019,DE,en,43,True,7.9,9.0
tt0128561,Soldati fara uniforma,War,nan,89,16+,Movie,1961,HU,ru,1,False,6.1,31.0
tt4765858,Rocío Recorder,Documentary,nan,71,PG,Movie,2014,AR,nan,1,True,,
tt30343329,Osomoy,Comedy,Drama,161,13+,Movie,2024,IN,en,1,False,6.8,508.0
tt0374571,Festival of Migrants,Drama,nan,95,13+,Movie,1978,KR,en,1,False,7.0,21023.0
tt1842428,Never Happen Here: The Whitehorse 9/11 Story,Documentary,nan,45,PG,Movie,2011,CA,nan,1,True,,
tt2380366,Bearing Witness: The Voices of Our Survivors,Biography,Documentary,57,PG,Movie,2012,GB,nan,1,True,,
tt0312554,Chernata reka,Drama,nan,75,13+,Movie,1964,XEU,en,1,False,,
tt0142334,O Grande Assalto,Crime,Drama,88,18+,Movie,1967,BR,nan,1,False,,
tt8112210,MaoShan Shout,Documentary,nan,60,PG,Movie,2003,CN,nan,1,True,7.0,21850.0
tt1810554,Catharsis,Thriller,nan,90,PG,Movie,1982,US,nan,1,True,,
tt32500217,Bloody Sniper,Action,War,93,18+,Movie,2024,US,en,1,False,,
tt9178814,The Gentleman Driver,Documentary,nan,83,PG,Movie,2018,CA,en,1,True,6.3,433.0
tt0040526,Laitakaupungin laulu,Crime,Drama,73,13+,Movie,1948,FI,sv,1,False,6.0,101.0
tt38552871,Mach 2. L'Extraordinaire Histoire du Concorde,Documentary,nan,52,PG,Movie,2016,XWW,en,1,True,,
tt2363317,On the Road to Downtown,Documentary,nan,52,PG,Movie,2011,GB,en,1,True,7.4,14.0
tt28655262,After the Rain Thailand,Reality-TV,nan,21,13+,Series,2022,TH,nan,20,False,,
tt0119818,The Odd One Dies,Crime,Drama,89,16+,Movie,1997,JP,ja,1,False,6.6,644.0
tt1899260,Horizon,Drama,War,100,13+,Movie,1989,GB,en,1,False,5.8,55.0
tt2538718,Nekomimi,nan,nan,81,PG,Movie,1993,CA,en,1,True,7.0,65.0
tt13784418,Liang ge xiao zu qiu dui,Drama,Family,77,PG,Movie,1957,SUHH,ru,1,True,,
tt6060444,The Paper Tigers,Action,Comedy,108,13+,Movie,2020,IN,hi,1,False,6.3,5753.0
tt10178906,The Frozen Maze,Mystery,Thriller,95,16+,Movie,2018,XWW,en,1,False,3.8,8.0
tt0237084,Cenusa pasarii din vis,Drama,nan,95,13+,Movie,1990,RO,nan,1,False,6.5,21.0
tt10358850,Seifuku o nuida onna-tachi,nan,nan,61,PG,Movie,1987,JP,ja,1,True,,
tt4215970,Camp 32,Adventure,Documentary,72,13+,Movie,2014,AU,nan,1,False,,
tt27788763,Incompatível com a Vida,Documentary,nan,93,13+,Movie,2023,CA,en,1,False,7.6,137.0
tt0007115,The Narrow Path,Drama,nan,50,13+,Movie,1916,US,nan,1,False,,
tt10160858,Reverie,Animation,nan,226,PG,Movie,2015,US,nan,1,True,,
tt8123590,Meloun 17,Reality-TV,nan,15,13+,Series,2016,CZ,nan,20,False,,
tt0885941,"Sassy Girl, Chun-hyang",Comedy,Drama,60,16+,Series,2005,US,en,17,False,7.7,573.0
tt0227874,Axel Nort,Adventure,Crime,30,16+,Series,1966,BE,nan,16,False,7.8,39.0
tt14207604,El App,Action,Crime,92,18+,Movie,2022,CA,en,1,False,6.6,29.0
tt27881346,Secrets,Drama,nan,105,16+,Movie,2021,LR,nan,1,False,,
tt11710138,Khunnas,Drama,nan,104,16+,Movie,2020,IN,en,1,False,,
tt3990908,The Red Shirt Diaries,Comedy,nan,3,13+,Series,2014,US,nan,30,False,7.5,39.0
tt0155447,Skeleton Key,nan,nan,98,PG,Movie,1978,US,nan,1,True,6.4,13.0
tt0083954,Die Flügel der Nacht,Drama,Romance,88,PG,Movie,1982,XWG,nan,1,True,,
tt31376578,The Golden Ghosts,Drama,Western,60,13+,Movie,2024,US,nan,1,False,,
tt0031528,The Kansas Terrors,Drama,Western,57,PG,Movie,1939,CA,en,1,True,6.9,79.0
tt1231277,S. Darko,Drama,Mystery,103,PG,Movie,2009,US,es,1,True,3.6,14903.0
tt0046355,Jeunes mariés,Comedy,Drama,91,16+,Movie,1953,FI,nan,1,False,4.3,12.0
tt1320273,Kronos. End and Beginning,Drama,nan,87,16+,Movie,2008,DE,en,1,False,5.2,20.0
tt0293743,Untalkative Bunny,Animation,Comedy,30,13+,Series,2001,CA,en,7,False,7.7,173.0
tt13543898,Northern Shade,Crime,Drama,95,13+,Movie,2022,US,en,1,False,4.8,128.0
tt0134257,Operation Good Guys,Comedy,Crime,30,16+,Series,1997,AU,ja,19,False,8.1,596.0
tt21105576,Express,Comedy,Drama,80,13+,Movie,2022,XWW,en,1,False,6.2,211.0
tt0135414,Eva,Drama,Romance,83,PG,Movie,1953,EE,en,1,False,6.2,39.0
tt2065967,How to Re-Establish a Vodka Empire,Documentary,History,75,PG,Movie,2012,RO,nan,1,True,6.3,45.0
tt1410206,Mamachas del ring,Documentary,nan,75,13+,Movie,2009,US,en,1,False,7.5,25.0
tt2255032,Zagreb Stories Vol. 2,Drama,nan,100,16+,Movie,2012,GB,en,1,False,7.2,105.0
tt10239332,The Elephants and the Grass,Crime,Documentary,102,18+,Movie,2022,US,nan,1,False,9.3,13.0
tt5834680,Zombie Town,Family,nan,75,PG,Movie,2019,CA,fr,1,True,4.2,6.0
tt1959550,The Beat Hotel,Action,"Documentary, Family",88,PG,Movie,2012,GB,nan,1,True,6.6,94.0
tt0129714,Serving Through Science,nan,nan,30,16+,Series,1946,US,nan,1,False,,
tt1520534,Cultural Anthropology: Our Diverse World,Documentary,nan,28,PG,Series,2008,US,nan,24,True,,
tt4328296,Un lloc on caure mort,Biography,Documentary,65,PG,Movie,2015,ES,nan,1,True,6.5,14.0
tt0086584,Wierna rzeka,Drama,History,137,PG,Movie,1987,LT,nan,1,True,6.8,130.0
tt0835437,The Loomis Gang,Crime,Documentary,80,18+,Movie,2002,US,nan,1,False,,
tt1594905,Alexander: Hero of Heroes,Adventure,nan,153,PG,Movie,2007,US,nan,1,True,6.2,9.0
tt5588566,Black Petunia,Drama,Mystery,85,16+,Movie,2016,US,nan,1,False,7.4,25.0
tt28561761,Endtime Messages with Servant P.N. Mackenzie,Documentary,nan,53,PG,Movie,2019,KE,nan,1,True,,
tt6171970,Sur les traces d'Arthur,Documentary,nan,75,13+,Movie,2016,CA,en,1,False,7.7,8.0
tt14018812,Eine Sache der Perspektive,Drama,nan,86,PG,Movie,2020,AT,nan,1,True,,
tt0845426,Atash-e penhan,Action,War,80,18+,Movie,1990,ES,tr,1,False,3.4,33.0
tt0043656,Horas inciertas,nan,nan,88,PG,Movie,1951,ES,nan,1,True,,
tt0083826,The Devil in Miss Jones Part II,Adult,Comedy,83,16+,Movie,1982,JP,ja,1,False,5.7,411.0
tt15504394,IJsland,Documentary,nan,120,PG,Movie,2020,NL,nan,1,True,,
tt1975310,Tomato Man,Horror,nan,80,16+,Movie,2010,US,nan,1,False,7.9,21.0
tt0400586,Kyô no dekigoto,Drama,Romance,110,13+,Movie,2003,PL,ja,1,False,6.5,296.0
tt12032938,Muddy,Action,Thriller,137,18+,Movie,2021,US,en,1,False,6.1,4030.0
tt2357958,Marighella,Biography,Documentary,100,13+,Movie,2012,BR,nan,1,False,4.7,3506.0
tt2119379,Andrea Bocelli: Under the Desert Sky,Music,nan,78,PG,Movie,2006,GB,nan,1,True,8.2,27.0
tt0157316,Ankush,Action,Drama,149,18+,Movie,1986,IN,en,1,False,7.7,515.0
tt2333990,When One Door Closes,Comedy,Drama,91,16+,Movie,2012,GB,nan,1,False,7.4,28.0
tt29661369,Hitman from Today,Action,Comedy,60,16+,Series,2023,JP,ja,8,False,7.3,15.0
tt1732271,First Love,Drama,nan,45,PG,Series,2010,JO,nan,17,True,,
tt3701074,Usfahrt Oerlike,Drama,nan,94,13+,Movie,2015,XWW,en,1,False,6.8,103.0
tt1592868,Europolis - The Town of the Delta,Documentary,Drama,80,13+,Movie,2010,XWW,en,1,False,8.7,42.0
tt1131737,Maria Costa's Macho Men and the Women Who Love Them,Comedy,nan,69,PG,Movie,2010,US,nan,1,True,7.8,23.0
tt31322616,On the Rise,Documentary,nan,5,13+,Series,2021,US,nan,8,False,,
tt0069280,Slaughterhouse-Five,Comedy,Drama,104,13+,Movie,1972,CA,fr,1,False,6.8,14556.0
tt14938720,Tim Hawkins: Full Range of Motion,Comedy,nan,74,13+,Movie,2007,US,nan,1,False,8.4,15.0
tt0184104,La crèche,Drama,nan,52,PG,Series,1999,FR,nan,6,True,,
tt2170254,Unforgotten,Crime,nan,95,13+,Movie,2012,GB,nan,1,False,4.6,16.0
tt1030744,The Whistleblowers,Crime,Drama,60,16+,Series,2007,GB,en,6,False,6.4,154.0
tt32204858,Late Shift,Drama,Thriller,92,16+,Movie,2025,XWW,en,1,False,7.8,5868.0
tt0490202,Raja Simha,Action,nan,154,13+,Movie,1969,IN,en,1,False,,
tt6200640,Sanguine Battle,Action,Drama,92,18+,Movie,1959,US,ja,1,False,6.5,7.0
tt8948088,Enga Veetu Ramayanam,Drama,nan,126,PG,Movie,1987,IN,en,1,True,5.7,15.0
tt27010264,MasterChef Ecuador,Game-Show,Reality-TV,75,16+,Series,2019,EC,nan,64,False,,
tt3499542,Black Ruby,Drama,nan,91,13+,Movie,2017,US,nan,1,False,6.7,1299.0
tt0466084,Papalepe,Drama,nan,90,PG,Movie,1957,VE,nan,1,True,,
tt10394654,The Burden,Comedy,Drama,15,13+,Movie,2023,US,nan,1,False,8.6,9.0
tt5280532,Yankee,Drama,nan,86,PG,Movie,2020,CA,en,1,True,6.6,20.0
tt27673591,Reputazione a rischio,Documentary,nan,49,PG,Movie,2022,IT,nan,1,True,,
tt2447636,Madreseh,Documentary,War,70,13+,Movie,2013,IR,nan,1,False,,
tt35981878,Hope for the Future,Documentary,nan,46,13+,Movie,2025,XWW,en,1,False,,
tt9370192,Ektos synoron,Documentary,nan,30,PG,Series,2005,GR,nan,10,True,,
tt1670392,The Shattering,Thriller,nan,76,13+,Movie,2015,GB,nan,1,False,3.2,248.0
tt2728770,Harvest,Action,Adventure,60,18+,Movie,1997,GB,nan,1,False,,
tt0024549,She Had to Say Yes,Drama,Romance,65,16+,Movie,1933,AU,nan,1,False,6.0,559.0
tt4177316,Saturday-Night Story,Drama,nan,15,13+,Series,1948,GB,nan,24,False,,
tt2661382,Men Show Movies & Women Their Breasts,Comedy,nan,83,16+,Movie,2013,GB,en,1,False,5.5,128.0
tt0376421,Querida familia,Family,nan,50,16+,Series,1995,ES,nan,4,False,,
tt15742308,Goddamned Asura,Crime,Drama,114,18+,Movie,2021,JP,ja,1,False,6.6,364.0
tt0057051,Let's Rob the Bank,Comedy,Crime,88,PG,Movie,1964,ES,fr,1,True,6.7,2859.0
tt4016306,Unearthing,Drama,Mystery,86,16+,Movie,2015,US,nan,1,False,6.0,78.0
tt27788450,The Pandemic at Number 47,Documentary,nan,47,13+,Movie,2021,GB,nan,1,False,,
tt9506302,Maruhi jain shûdô-ni,nan,nan,63,16+,Movie,1976,JP,ja,1,False,,
tt5428666,FP2: Beats of Rage,Action,Comedy,89,13+,Movie,2018,AU,ja,1,False,5.6,248.0
tt0337659,LD 50 Lethal Dose,Horror,nan,97,16+,Movie,2003,FR,bg,1,False,4.0,1042.0
tt1543722,Rebirth of a Legend,Documentary,nan,62,13+,Movie,2009,GB,nan,5,False,,
tt16369790,Real Madrid - Internazionale Milano,nan,nan,91,PG,Movie,2021,ES,nan,1,True,,
tt14564556,Pusthakamlo Konni Pageelu Missing,Drama,nan,109,PG,Movie,2013,IN,nan,1,True,,
tt0203881,The School,nan,nan,119,16+,Movie,1989,US,ja,1,False,,
tt38867830,Twilight Zone: Realm of the Halloween Scare,Horror,nan,68,16+,Movie,2025,GB,nan,1,False,,
tt12256338,Freak,Horror,nan,69,18+,Movie,2022,AU,nan,1,False,3.5,72.0
tt0056258,Mrs. Gibbons' Boys,Comedy,nan,82,13+,Movie,1962,GB,nan,1,False,5.6,19.0
tt5131686,The Alien,Science Fiction,nan,15,16+,Series,2015,US,nan,2,False,,
tt2145853,RiffTrax Live: Plan 9 from Outer Space,SciFi,Sci-Fi,116,PG,Movie,2009,US,nan,1,False,7.6,421.0
tt0247882,Forensic Files,Crime,Documentary,30,18+,Series,1996,IN,en,406,False,8.8,8015.0
tt0149924,Bonjour jeunesse,Drama,nan,90,13+,Movie,1957,FR,nan,1,False,,
tt0498615,Brits Abroad,Crime,Kids,50,PG,Series,2000,GB,ja,12,True,,
tt0010743,Sue of the South,Drama,nan,50,16+,Movie,1919,US,ja,1,False,,
tt23814284,God and Two Male,Action,Fantasy,85,18+,Movie,2022,XWW,en,1,False,8.5,7.0
tt0026027,$1000 a Minute,Comedy,Romance,70,13+,Movie,1935,IT,fr,1,False,6.0,231.0
tt31383093,Taxi Bosses,Action,Drama,110,18+,Movie,2024,ZA,en,1,False,,
tt11241906,The Twilight Zone 60th: Remembering Rod Serling,Documentary,nan,47,13+,Movie,2019,GB,nan,1,False,9.0,36.0
tt0117468,Retroactive,Action,Crime,91,16+,Movie,1997,US,es,1,False,6.2,7125.0
tt0067447,Motodrama,Action,Comedy,81,13+,Movie,1971,PL,ru,1,False,6.5,71.0
tt13090350,The Female Hustler,Crime,Drama,83,13+,Movie,2021,GB,nan,1,False,6.2,46.0
tt2197884,The Lackey,Action,nan,94,18+,Movie,2012,GB,nan,1,False,5.4,130.0
tt0206609,Billies & Goats,Documentary,nan,96,13+,Movie,1998,XWW,en,1,False,8.0,8.0
tt10237478,The Refugee,Drama,nan,101,13+,Movie,2024,IN,en,1,False,7.9,255.0
tt10681296,Lisbon Beat,Documentary,Music,75,PG,Movie,2019,GB,en,1,True,6.2,44.0
tt18393692,History's Greatest Heists,Crime,Documentary,40,13+,Series,2023,PH,en,8,False,7.5,414.0
tt1298730,Unterwegs in Amerika,Documentary,nan,43,13+,Series,2008,DE,en,5,False,7.9,12.0
tt4106264,Foreseen,Horror,Mystery,76,16+,Movie,2019,GB,nan,1,False,2.7,85.0
tt35309025,Kamera kiks,Comedy,Family,25,PG,Series,1994,DK,nan,14,True,,
tt0057810,491,Crime,Drama,110,13+,Movie,1964,JP,ja,1,False,5.8,455.0
tt14956728,Kiss of War - Children of the Hated,Documentary,nan,72,13+,Movie,2016,XWW,en,1,False,,
tt1692103,Interrupted Streams,Documentary,nan,72,13+,Movie,2010,XWW,en,1,False,,
tt1623675,Cool Girls,Action,nan,89,18+,Movie,2009,GB,en,1,False,5.4,10.0
tt27427186,Cold War Hockey,History,nan,59,PG,Movie,2023,GB,nan,1,True,,
tt0161465,The Criminal,Drama,nan,55,PG,Movie,1916,US,nan,1,False,,
tt0079911,Xue lian huan,Action,Drama,94,13+,Movie,1977,DK,en,1,False,6.0,151.0
tt0251744,In Memory of My Father,Comedy,Drama,96,G,Movie,2005,DE,nan,1,False,5.6,664.0
tt9383686,History in Action,Documentary,nan,20,PG,Series,1984,CA,fr,10,True,,
tt26761266,Tsarevny i Tainstvennaya gostya,Adventure,Animation,71,16+,Movie,2023,KZ,ru,1,False,5.8,28.0
tt1332664,"Amour, sexe et mobylette",Documentary,nan,95,PG,Movie,2008,FR,en,1,True,7.3,10.0
tt31408607,Jimmy's Friends,Action,Crime,94,16+,Movie,2024,US,nan,1,False,7.4,15.0
tt6776318,Fain Qalbi,Comedy,Romance,111,16+,Movie,2017,MX,nan,1,False,4.6,92.0
tt7716424,Débiles,Drama,nan,80,16+,Movie,2018,ES,nan,1,False,,
tt0385715,Ganryujima,Action,Drama,77,13+,Movie,2003,JP,ja,1,False,5.6,20.0
tt0318890,"Gotha - kult, kitsch og b-film",History,Talk-Show,28,13+,Series,1996,DK,nan,40,False,7.5,44.0
tt0326680,El honorable señor Valdez,Drama,Romance,30,PG,Series,1973,MX,nan,1,True,,
tt1246966,Klüger mit Krüger,Comedy,nan,45,PG,Series,2006,DE,nan,12,True,,
tt8425414,Looking for Lucky,Comedy,Drama,100,13+,Movie,2018,ID,en,1,False,6.7,13.0
tt2162146,Gravity & Grace,Sci-Fi,nan,90,13+,Movie,1996,US,nan,1,False,5.7,13.0
tt2105622,Mal.com,Sci-Fi,Sci-Fi,15,PG,Series,2011,AU,en,13,True,6.7,33.0
tt11374832,Sasta Khoon Mehnga Pani,Comedy,Crime,153,13+,Movie,1974,PK,nan,1,False,,
tt0192401,Osceno,Adult,nan,86,PG,Movie,1987,XWW,en,1,True,5.3,32.0
tt1388441,Mugavari,Drama,Romance,156,16+,Movie,2000,GB,en,1,False,7.3,1683.0
tt1673595,Schoolboy's Life,Documentary,nan,60,PG,Movie,2002,XWW,en,1,True,,
tt0317705,The Incredibles,Action,Adventure,115,18+,Movie,2004,KR,en,1,False,8.0,907809.0
tt0005809,The Governor,Drama,nan,50,PG,Movie,1915,GB,en,1,True,6.6,329.0
tt28231804,Na Na De Mei Gui Zhan Zheng,nan,nan,86,13+,Movie,2010,CN,nan,7,False,7.0,5860.0
tt0391274,Kismat,Action,Drama,143,18+,Movie,2004,US,en,1,False,4.1,581.0
tt0245005,Bhukailasa,nan,nan,189,13+,Movie,1938,IN,ta,1,False,,
tt11079334,Thunderfingers - A Tribute to John Entwistle,Biography,nan,48,16+,Movie,2009,GB,nan,1,False,,
tt2726552,A Kind of Murder,Crime,Drama,95,18+,Movie,2016,ZA,en,1,False,5.3,9213.0
tt2157099,Yama No Anata,Documentary,nan,60,PG,Movie,2011,PT,nan,1,True,7.7,30.0
tt7666988,Magnolia,Drama,Family,85,G,Movie,2016,GB,nan,1,True,5.8,12.0
tt10988894,What?,Comedy,nan,100,PG,Movie,2021,US,en,1,True,4.8,138.0
tt0261533,Anna Thamudu,Drama,nan,147,PG,Movie,1958,IN,nan,1,True,,
tt0066881,Calliope,Comedy,nan,81,13+,Movie,1971,CA,en,1,False,5.1,16.0
tt0106786,Dyuba-Dyuba,Crime,Drama,140,13+,Movie,1992,FR,nan,1,False,6.5,155.0
tt0051629,Fort Massacre,Drama,Western,80,PG,Movie,1958,US,sr,1,True,6.2,1187.0
tt5863978,People of Love and Rage,Documentary,nan,88,13+,Movie,2016,DE,nan,1,False,7.3,75.0
tt0938496,Rasthaus,Documentary,nan,25,13+,Series,1961,XWG,nan,23,False,,
tt0289741,Le monde en armes,nan,nan,71,16+,Movie,1939,HU,nan,1,False,,
tt2373543,Flower Boy Ramyun Shop,Comedy,Romance,45,16+,Series,2011,JP,ja,16,False,6.9,888.0
tt1734550,The Greater Good,Documentary,Drama,79,PG,Movie,2011,AU,nan,1,True,6.1,200.0
tt33472422,Informant,Action,Comedy,102,16+,Movie,2025,KR,nan,1,False,7.0,49732.0
tt1845244,Kinder der Steine - Kinder der Mauer,Documentary,nan,87,PG,Movie,2010,DE,nan,1,True,,
tt23182000,Clorindo Testa,Documentary,nan,100,PG,Movie,2022,ES,nan,1,True,6.9,67.0
tt0207259,Life Support,Drama,nan,50,13+,Series,1999,GB,nan,6,False,6.5,17.0
tt0257915,Mientras México duerme,Action,Crime,90,13+,Movie,1986,MX,nan,1,False,4.0,9.0
tt1773454,Guilty Until Proven Innocent,Documentary,nan,52,13+,Movie,2010,US,nan,1,False,,
tt5092764,Fencing for the Edge,Documentary,Sport,75,PG,Movie,2024,US,nan,1,True,,
tt0381560,Sagad sa init,Crime,Drama,120,13+,Movie,1998,CA,en,1,False,6.4,154.0
tt2280242,Seven Days with Scot Weisman,Comedy,Drama,152,13+,Movie,2012,US,nan,1,False,,
tt36933503,Il capo del mondo,Comedy,nan,97,13+,Movie,2025,DE,nan,1,False,4.9,108.0
tt1105301,Unhinged,Horror,Thriller,16,18+,Movie,2007,US,nan,1,False,6.3,11.0
tt7332802,Witch Walker,Action,Comedy,97,13+,Movie,2017,ES,nan,1,False,4.4,260.0
tt1071233,The Revolution,Sport,nan,80,PG,Movie,2006,US,nan,1,True,,
tt0264801,The Teacher Without Chalk,Comedy,nan,98,PG,Movie,2000,HK,cmn,1,True,6.0,86.0
tt0251729,Akko's Secret,Animation,Comedy,24,13+,Series,1998,XWW,en,45,False,6.9,26.0
tt3177012,Planting the Seed,Documentary,Family,90,G,Movie,2013,GB,nan,1,True,,
tt0055059,Kozara,Drama,War,124,13+,Movie,1962,SE,ja,1,False,7.2,843.0
tt28021960,The Scarecrow,Horror,nan,80,18+,Movie,2023,AU,en,1,False,5.4,21.0
tt22261696,HAPI: The Role of Economics in the Development of Civilization,Documentary,nan,132,13+,Movie,2020,US,nan,1,False,,
tt6776572,Beauty and the Dogs,Crime,Drama,100,13+,Movie,2017,BR,ar,1,False,7.1,2900.0
tt0324877,Man har et standpunkt...,nan,nan,25,13+,Series,2001,DK,nan,1,False,,
tt37369065,Pen's Clubhouse,Adventure,nan,10,13+,Series,2025,US,nan,5,False,,
tt24019236,Memories Unforgotten,Romance,nan,124,16+,Movie,2022,NG,nan,1,False,,
tt0479910,Fellowship,Comedy,nan,48,16+,Movie,2005,GB,nan,1,False,8.6,37.0
tt3914482,Cain's Children,Biography,Documentary,99,13+,Movie,2014,UA,en,1,False,7.7,464.0
tt0482076,Niania,Comedy,nan,25,16+,Series,2005,DE,en,134,False,5.4,637.0
tt0233009,El último chinaco,Drama,nan,91,16+,Movie,1948,MX,nan,1,False,6.7,11.0
tt14317618,Göz Açip Kapayincaya Kadar,Documentary,nan,74,13+,Movie,2021,TR,nan,1,False,7.2,79.0
tt10786918,To taxidi,Crime,Drama,45,13+,Series,1976,XWW,en,238,False,,
tt0289801,DAS!,Talk-Show,nan,45,PG,Series,1991,DE,nan,6394,True,5.8,80.0
tt0806073,Flogging Margaret,Comedy,Romance,98,13+,Movie,2008,AU,nan,1,False,3.6,315.0
tt0207826,The Water Game,Action,Comedy,106,13+,Movie,2002,CA,nan,1,False,5.7,38.0
tt2325564,Lato w miescie,Drama,nan,91,16+,Movie,2012,PL,nan,1,False,,
tt8363996,Always Late with Katie Nolan,Sport,nan,30,13+,Series,2018,MX,nan,53,False,7.7,64.0
tt13702130,Jayahe,Action,Drama,112,13+,Movie,2010,IN,hi,1,False,,
tt31968649,Rave on for the Avon,Documentary,nan,86,PG,Movie,2024,nan,nan,1,True,9.2,31.0
tt0305058,"Love, Lies, Passions",Comedy,Drama,90,16+,Series,2002,DE,en,6,False,5.8,55.0
tt10676042,Downstream to Kinshasa,Documentary,nan,90,13+,Movie,2020,CD,ja,1,False,6.8,153.0
tt8986278,Laugh Addict: Toxic Drug or Best Medicine?,Documentary,nan,69,13+,Movie,2018,US,nan,1,False,,
tt10782918,Bloodspawn,Fantasy,History,76,16+,Movie,2024,US,nan,1,False,6.0,19.0
tt2646218,Was ich bin sind meine Filme - Teil 2... nach 30 Jahren,Documentary,nan,98,13+,Movie,2010,DE,nan,1,False,5.4,16.0
tt14024958,Coronameron,Documentary,nan,88,13+,Movie,2021,TR,nan,1,False,,
tt12027060,Kings of Oblivion,Documentary,nan,206,PG,Movie,2020,US,nan,1,True,,
tt0048586,Sbandato!,nan,nan,92,13+,Movie,1955,IT,nan,1,False,,
tt7110088,The Three Worlds of Mark,Comedy,Drama,52,16+,Movie,2017,PR,nan,1,False,,
tt37287317,Usilie mtoto wa Afrika,Drama,nan,43,PG,Movie,1995,XWW,en,1,True,,
tt3828166,Freedom from Choice,Documentary,nan,78,13+,Movie,2014,RO,nan,1,False,7.3,105.0
tt21273072,Legendy kriminalistiky,Crime,Documentary,30,13+,Series,2017,CZ,nan,32,False,8.5,9.0
tt1648188,Sharunas Bartas: An Army of One,Documentary,nan,51,13+,Movie,2010,LT,nan,1,False,6.5,37.0
tt6126244,Rise Against the Fall,Action,Crime,80,13+,Movie,2019,US,nan,1,False,6.3,28.0
tt1541604,Abused,Documentary,nan,45,PG,Movie,2006,US,nan,1,True,,
tt3754572,Quiet Rage: The Stanford Prison Experiment,Documentary,nan,52,13+,Movie,1992,GB,nan,1,False,6.8,155.0
tt21360062,Jabari Dreams of Freedom,Animation,nan,45,PG,Movie,2022,US,nan,1,True,,
tt0024589,The Woman in Command,Comedy,Musical,80,PG,Movie,1933,DK,nan,1,True,5.4,60.0
tt0329938,Transformers: Armada,Action,Adventure,30,18+,Series,2002,JP,ja,52,False,7.0,1843.0
tt0051352,Love and Troubles,Comedy,Romance,87,13+,Movie,1958,ES,en,1,False,6.3,88.0
tt0336506,"Gilberto Gil - Bahia, Suíça e Japão",Documentary,Music,70,13+,Movie,1986,BR,nan,1,False,,
tt32335246,Lakshmi,Drama,nan,22,16+,Series,2024,DE,en,450,False,3.0,9.0
tt1103274,Red Dirt Rising,Drama,nan,93,PG,Movie,2011,AU,en,1,True,4.0,400.0
tt15575356,Too Old for Fairy Tales,Comedy,Family,106,PG,Movie,2022,US,en,1,True,6.2,2051.0
tt4625678,Kusturica Dream,Comedy,Documentary,64,16+,Movie,2013,GB,en,1,False,6.2,10.0
tt0312513,Counting Stars,Crime,Drama,95,16+,Movie,1976,KR,en,1,False,7.0,43158.0
tt21221324,Who Cheats More,Comedy,Drama,106,16+,Movie,2017,NG,nan,1,False,,
tt0389315,Regarde-moi,Adult,Drama,103,13+,Movie,2001,FR,nan,1,False,5.5,28.0
tt0019894,.45 Calibre War,Drama,War,50,13+,Movie,1929,AU,en,1,False,,
tt1368448,U Pana Boga za miedza,Comedy,nan,110,13+,Movie,2009,XWW,en,1,False,6.1,583.0
tt0027862,The Lady Consents,Drama,Romance,76,16+,Movie,1936,GB,ja,1,False,6.2,149.0
tt4454332,Moonstone,Mystery,nan,45,13+,Movie,2012,US,nan,1,False,,
tt1559016,Unusual Occurrences,Drama,Horror,85,16+,Movie,2009,US,nan,1,False,1.3,22.0
tt36221486,O Selenita,Musical,nan,73,PG,Movie,2023,BR,nan,1,True,,
tt2767712,Badlapur Boys,Drama,nan,123,18+,Movie,2014,IN,nan,1,True,5.0,150.0
tt1275893,Le Japon insolite,Documentary,nan,82,13+,Movie,1983,FR,nan,1,False,5.0,8.0
tt5836022,omg hi,Comedy,nan,22,16+,Series,2016,US,nan,8,False,,
tt1569465,Nasha Russia. Yaytsa sudby,Comedy,nan,85,13+,Movie,2010,EE,en,1,False,4.7,2608.0
tt10810428,The Devil You Know,Crime,Documentary,44,18+,Series,2019,US,en,12,False,7.0,961.0
tt16023254,The Ancient Welkin,Adventure,Animation,18,16+,Series,2017,US,cmn,9,False,,
tt0206707,Ship Owner Without Wanting To,Comedy,Romance,77,PG,Movie,1971,GB,en,1,True,4.8,31.0
tt0105923,The Last Harvest,Drama,Western,113,16+,Movie,1991,ES,en,1,False,4.6,33.0
tt33475397,Angel Auditions,Music,nan,30,16+,Series,1954,US,nan,5,False,,
tt0266689,Karakumskiy reportazh,Drama,nan,81,13+,Movie,1986,SUHH,ru,1,False,,
tt4982356,The Forest,Drama,Fantasy,109,13+,Movie,2016,ZA,en,1,False,6.4,367.0
tt0075325,"Ti-mine, Bernie pis la gang...",Comedy,Drama,124,16+,Movie,1977,CA,nan,1,False,6.7,71.0
tt1212428,The Lost City of Z,Adventure,Biography,141,PG,Movie,2016,ID,en,1,True,6.6,104652.0
tt14176552,Cinema Donkey,Comedy,Drama,80,13+,Movie,2019,GB,en,1,False,5.4,72.0
tt10011284,Lil' Buck: Real Swan,Documentary,nan,85,13+,Movie,2019,JP,ja,1,False,7.4,71.0
tt12444974,Le Passager Solitaire (Carnet Filmé: 1er janvier 1994 - 31 décembre 1994),Documentary,nan,100,PG,Movie,1994,FR,nan,1,True,,
tt8725704,Daughter,Drama,nan,101,13+,Movie,2019,AU,fr,1,False,6.1,96.0
tt2398153,Dildaara,Drama,nan,153,16+,Movie,1998,IN,nan,1,False,,
tt19815868,Child of Dust,Documentary,nan,93,13+,Movie,2025,DE,cs,1,False,8.1,28.0
tt7136962,Candy,Action,nan,76,16+,Movie,2017,AU,en,1,False,3.2,186.0
tt0109690,Fatal Encounter,Drama,Thriller,90,18+,Movie,1994,GB,en,1,False,6.3,17.0
tt16711066,Death Park: The Beginning,Horror,nan,86,18+,Movie,2021,AU,en,1,False,4.4,24.0
tt0053562,91:an Karlsson muckar (tror han),Comedy,nan,90,16+,Movie,1959,SE,nan,1,False,4.0,56.0
tt0976162,Postpartum,Thriller,nan,106,PG,Movie,2007,US,nan,1,True,6.2,27.0
tt33070622,El arte de perder,Documentary,nan,71,13+,Movie,2022,DE,nan,1,False,,
tt7431616,Karam,Drama,nan,20,16+,Series,2001,IN,en,52,False,8.0,10.0
tt14708666,Naturkatastrophenkonzert,Documentary,Music,90,PG,Movie,1983,XWG,nan,1,True,,
tt5979784,Contested Ground,Biography,Documentary,47,16+,Movie,2016,US,nan,1,False,7.7,16.0
tt37973762,Searching for Sasquatch 16: Claws of the Dogman,Adventure,Documentary,94,PG,Movie,2025,US,nan,1,True,,
tt14385676,Cook Beef,nan,nan,45,13+,Series,2021,GR,nan,19,False,,
tt23900844,Spotlight,Music,Talk-Show,400,16+,Series,1967,DK,nan,11,False,,
tt0123359,Planet Mirth,Science Fiction,Sci-Fi,23,16+,Series,1997,GB,nan,23,False,6.1,19.0
tt0892858,Personality,Game-Show,nan,60,16+,Series,1994,NL,nan,14,False,,
tt0041656,Mississippi Rhythm,Music,Western,68,16+,Movie,1949,AU,en,1,False,5.4,43.0
tt4117314,Katsuni Castings Part 2,Adult,nan,104,13+,Movie,2011,FR,nan,1,False,,
tt7356798,Cornelia,Drama,nan,60,PG,Movie,1971,XWG,nan,1,True,,
tt1590137,Orkiestra niewidzialnych instrumentów,Drama,Family,63,PG,Movie,2010,PL,nan,1,True,5.7,10.0
tt7837786,Black Tears,Drama,nan,70,16+,Movie,2017,GB,en,1,False,,
tt29507859,Marble Urge,Comedy,nan,24,13+,Series,1998,US,nan,7,False,,
tt9065594,The P.I. Files,Talk-Show,nan,60,PG,Series,2018,US,nan,20,True,,
tt0299062,Neujeodo geu nalgaji,Drama,nan,95,PG,Movie,1969,KR,nan,1,True,7.0,16284.0
tt19757046,Eastern Deep Healing Meditation,Music,nan,31,PG,Series,2022,US,nan,1,True,,
tt1814909,This Is Rockbitch,Documentary,nan,47,PG,Movie,2003,AU,en,1,False,6.5,72.0
tt2798648,The Unforgettable Aretsou of Constantinople,Documentary,History,90,PG,Movie,2013,GB,en,1,True,,
tt4064156,Hand Made with Love in France,Documentary,History,70,PG,Movie,2014,GB,en,1,True,7.7,16.0
tt1628770,The Hard-Ons vs. Europe 2007,Documentary,Music,68,13+,Movie,2008,AT,nan,1,False,8.4,12.0
tt3997580,Nocturne,Documentary,nan,90,PG,Movie,2010,DE,nan,1,True,,
tt1691887,On Hannibal's Trail,Biography,Documentary,29,13+,Series,2010,GB,nan,6,False,7.4,32.0
tt0117866,Taxi,Crime,Drama,112,16+,Movie,1996,FR,ja,1,False,6.4,1005.0
tt4881422,Brzuszek,Comedy,nan,70,16+,Movie,2014,PL,nan,1,False,4.7,21.0
tt0202502,No More Monkeys Jumpin' on the Bed,Drama,nan,76,16+,Movie,2000,GB,nan,1,False,5.9,27.0
tt10394820,The Beautiful Game,Documentary,nan,79,PG,Movie,2020,DE,nan,1,True,7.3,68.0
tt11214122,When Shui Met Mo: A Love Story,Drama,Romance,40,16+,Series,2019,CN,nan,12,False,7.0,42194.0
tt9889918,2 Friends,Comedy,Drama,134,16+,Movie,2018,US,nan,1,False,7.8,8.0
tt38496075,Persona 4 Arena the Ultimax Ultra Suplex Hold Stage Project,Fantasy,nan,113,13+,Movie,2016,JP,nan,1,False,,
tt5994474,Moon Hooch: Between the Notes,Documentary,Music,47,13+,Movie,2016,US,nan,1,False,,
tt12225118,How the Horror Should Have Ended,Horror,nan,8,18+,Series,2020,GB,nan,8,False,,
tt0472582,2:37,Drama,nan,91,PG,Movie,2006,AU,en,1,True,6.8,7499.0
tt13304286,Eflatun,Drama,Romance,103,PG,Movie,2022,GB,tr,1,True,6.7,7841.0
tt0295787,Superintendent Winter,Crime,Thriller,60,16+,Series,2001,JP,ja,12,False,5.6,172.0
tt0415680,Boyaci,Comedy,Romance,89,PG,Movie,1966,TR,nan,1,True,6.6,139.0
tt0050127,The Hole,Comedy,Mystery,103,13+,Movie,1957,GB,en,1,False,6.9,69.0
tt10369534,Iro kichi girl,nan,nan,60,PG,Movie,1987,JP,ja,1,True,,
tt0105008,No Dia dos Meus Anos,Drama,nan,65,PG,Movie,1992,DE,nan,1,True,6.2,40.0
tt0389850,A Check for a Million Toomans,nan,nan,110,16+,Movie,1959,XWW,en,1,False,,
tt0055255,One Plus One,Drama,nan,114,16+,Movie,1961,GB,hi,1,False,6.0,30.0
tt0382213,Operación jaguar,Action,nan,90,16+,Movie,1990,MX,nan,1,False,,
tt38816108,Gabee Zun: A Broken Script,Horror,nan,60,16+,Series,2025,HU,nan,32,False,,
tt0054343,The Story of Ruth,Drama,History,132,16+,Movie,1960,DE,fr,1,False,6.7,1631.0
tt32166678,Dharmarakshak Mahaveer Chhatrapati Sambhaji Maharaj,Action,History,174,13+,Movie,2024,AU,en,1,False,8.2,693.0
tt18501788,Little Sister,nan,nan,69,PG,Movie,2020,AU,en,1,True,,
tt38270319,Open Minded - Kendall Jenner Explains How Panic Attacks Affect Her,Short,nan,11,13+,Series,2021,US,nan,17,True,,
tt0275520,The Mind of the Married Man,Comedy,nan,30,PG,Series,2001,FR,en,20,True,7.3,889.0
tt0331124,Det drejer sig om -,Comedy,Music,30,13+,Series,1967,DK,nan,9,False,,
tt13464394,Hommage,Documentary,nan,75,13+,Movie,2020,GR,nan,1,False,8.6,26.0
tt5687758,Take Me Out,Horror,nan,47,18+,Movie,2016,US,nan,1,False,,
tt0099540,Falling Over Backwards,Comedy,nan,100,16+,Movie,1990,XWG,nan,1,False,5.9,39.0
tt0183938,Caught in the Foreign Legion,Adventure,Comedy,91,16+,Movie,1936,GR,fr,1,False,5.6,114.0
tt0020728,Cameo Kirby,Drama,nan,70,16+,Movie,1930,FI,ja,1,False,7.1,32.0
tt15209814,The Wendigo,Horror,Mystery,68,18+,Movie,2022,AU,en,1,False,3.3,376.0
tt10143230,By the right of lovе,Drama,Romance,360,16+,Series,2018,US,nan,13,False,,
tt0488342,Tamboo Mein Bamoo,Drama,nan,92,13+,Movie,2001,IN,en,1,False,8.1,20.0
tt5182618,Dust Buries Sabuk,Documentary,nan,83,PG,Movie,2002,GB,en,1,True,,
tt7543794,On the Road in France,Documentary,nan,139,13+,Movie,2018,XWW,en,1,False,2.8,23.0
tt19072024,Chi tôchô byonsan: Osome Hankurô,nan,nan,94,13+,Movie,1952,JP,ja,1,False,,
tt0059724,Situation Hopeless -- But Not Serious,Comedy,War,97,13+,Movie,1965,HU,qbn,1,False,5.9,537.0
tt1229435,Israel Ltd.,Documentary,nan,90,PG,Movie,2009,IL,nan,1,True,6.7,29.0
tt3513388,Late Night with Seth Meyers,Comedy,Talk-Show,60,16+,Series,2014,IL,en,1743,False,6.3,8510.0
tt10199580,Australian Dreams,Documentary,nan,46,13+,Movie,2019,IT,nan,1,False,,
tt36950502,Ada Sereni: The Lady in the Black Dress,Documentary,nan,60,13+,Movie,2025,XWW,en,1,False,,
tt1041668,"Knut, der Eisbärjunge",Documentary,Reality-TV,10,PG,Series,2007,DE,nan,10,True,8.5,10.0
tt36980371,Shefah La Ta'ref Al Kazeb!,Crime,Drama,98,16+,Movie,1980,EG,en,1,False,,
tt0446435,Plop en Kwispel,Comedy,nan,53,13+,Movie,2004,BE,nan,1,False,5.5,86.0
tt23049558,Roger Federer: A Champions Journey,Sport,nan,53,PG,Movie,2023,AU,en,1,True,5.5,64.0
tt0447618,The Comoedia,Drama,nan,85,16+,Movie,1981,IT,nan,1,False,7.4,17.0
tt3337938,Backchat,Talk-Show,nan,30,13+,Series,2013,GB,nan,15,False,7.0,130.0
tt0328936,Las cenizas del diputado,Comedy,Drama,95,PG,Movie,1977,MX,nan,1,True,6.9,25.0
tt0133034,Justocoeur,nan,nan,94,13+,Movie,1980,CA,nan,1,False,,
tt0059638,The Ravagers,Action,Drama,88,16+,Movie,1965,ES,en,1,False,4.8,125.0
tt11947078,Doodi,Drama,nan,122,13+,Movie,2022,IN,en,1,False,8.5,13.0
tt4060198,Intimate Temp Agency,Action,Comedy,30,18+,Series,2014,US,nan,20,False,,
tt12655436,Honk for Jesus. Save Your Soul.,Comedy,nan,106,PG,Movie,2022,GB,en,1,True,5.3,4521.0
tt2231617,The Next Miracle,Biography,Drama,115,PG,Movie,2011,US,en,1,True,5.7,15.0
tt11412566,¿Qué coño está pasando?,Documentary,nan,86,PG,Movie,2019,ES,nan,1,True,7.5,216.0
tt37876140,The Beach,Drama,nan,60,PG,Movie,2025,AU,nan,1,True,,
tt27302334,Crimes Aaj Kal,Crime,nan,48,16+,Series,2023,SG,en,18,False,7.5,158.0
tt32658680,El Chilote: Gloria del Béisbol Dominicano,Biography,Documentary,75,16+,Movie,2024,DO,nan,1,False,,
tt1263732,Volker Pispers und Gäste,Comedy,nan,45,PG,Series,2007,DE,nan,7,True,7.9,15.0
tt0257423,Backstage,nan,nan,70,16+,Movie,1980,BE,nan,1,False,,
tt0044989,Okuni and Gohei,Drama,nan,91,PG,Movie,1952,XWW,en,1,True,7.1,133.0
tt1725007,The Starland Trio,Animation,nan,72,G,Movie,1979,PL,en,1,True,7.1,46.0
tt21306856,Beranmee shishi,nan,nan,74,13+,Movie,1953,JP,ja,1,False,,
tt7933796,Disclosure,Drama,nan,84,13+,Movie,2020,AU,en,1,False,6.0,382.0
tt3799698,Heisei karaoke no ran,Drama,nan,15,13+,Series,1990,JP,nan,5,False,,
tt11723768,Ali B op volle toeren,Music,nan,40,16+,Series,2011,NL,nan,48,False,5.6,5.0
tt1229946,History's Mysteries,Documentary,History,45,13+,Series,1998,AU,nan,289,False,8.0,267.0
tt19756880,The Nineties,Comedy,nan,30,13+,Series,2022,IL,en,31,False,7.7,34.0
tt14638274,The Last Cherokee Language Symposium,Documentary,nan,55,PG,Movie,2021,US,nan,1,True,,
tt28750145,Volchiy ostrov,Action,Crime,92,13+,Movie,2013,RU,nan,1,False,,
tt1792643,Deano and Nige's Best Last Day Ever,Comedy,nan,108,13+,Movie,2012,AU,en,1,False,5.7,911.0
tt0981076,Roots Time,Adventure,Music,73,13+,Movie,2006,AR,ja,5,False,7.1,71.0
tt0118511,Wavelength,Drama,Family,25,G,Series,1997,PL,nan,12,True,,
tt5493196,The Drowned Days,Documentary,nan,87,13+,Movie,2015,ES,nan,1,False,,
tt0119988,Caught Up,Crime,Drama,97,16+,Movie,1998,HU,en,1,False,5.5,1183.0
tt6197730,Conversations with the Wall,Documentary,nan,70,PG,Movie,2017,IR,nan,1,True,,
tt0289184,Astataïon ou Le festin des morts,Drama,nan,79,13+,Movie,1965,CA,fr,1,False,5.7,24.0
tt0145393,"Pizza, Beer, and Cigarettes",Crime,Drama,92,16+,Movie,1997,AR,nan,1,False,7.0,3180.0
tt0028999,High Hat,Comedy,Music,70,13+,Movie,1937,US,nan,1,False,6.1,40.0
tt7748538,Shining Moment,Drama,nan,105,13+,Movie,2016,GB,nan,1,False,4.1,16.0
tt0016912,The Galloping Cowboy,Drama,Western,50,16+,Movie,1926,US,nan,1,False,6.9,24.0
tt0360890,Poem: I Set My Foot Upon the Air and It Carried Me,Drama,nan,95,16+,Movie,2003,DE,nan,1,False,6.8,132.0
tt5337578,Leonesse,Documentary,nan,53,PG,Movie,2012,IT,nan,1,True,,
tt0961743,Omoon or The City of the Name of God,Drama,nan,98,13+,Movie,1969,FI,nan,1,False,,
tt4916078,Starsky & Hatch: Living the Dream,Action,Crime,51,13+,Movie,2015,CA,nan,1,False,,
tt2797954,Erlesene Welten - Hungry Minds,Documentary,nan,87,13+,Movie,2012,DE,en,1,False,,
tt0238129,Cobra Thunderbolt,Action,nan,89,16+,Movie,1987,DK,fr,1,False,5.0,69.0
tt8885744,Vetapalam,Drama,nan,126,13+,Movie,2016,IN,nan,1,False,,
tt13773908,Make or Break,Documentary,Sport,43,PG,Series,2022,PH,en,15,True,7.8,438.0
tt7023462,La classe d'écriture d'Alain Knapp,Documentary,nan,190,13+,Movie,1991,FR,nan,1,False,,
tt0124104,La déroute,nan,nan,110,13+,Movie,1998,CA,fr,1,False,6.3,26.0
tt1594569,The Revenge of Pancho Villa,Biography,War,60,16+,Movie,1932,MX,es,1,False,5.6,43.0
tt5057506,Sikka,Horror,nan,119,18+,Movie,2015,IN,nan,1,False,6.0,9.0
tt27935748,Numberblox (DoubleC Squared),Comedy,nan,30,16+,Series,2020,CA,en,2,False,7.7,11.0
tt4685544,Carmen,Drama,nan,90,PG,Movie,1972,US,nan,1,True,,
tt1439358,Ein Haus voller Töchter,Comedy,nan,25,13+,Series,2010,DE,nan,1,False,3.2,62.0
tt11856648,The Song and the Sorrow,Documentary,nan,43,PG,Movie,2018,CA,en,1,True,7.2,6.0
tt0349499,Gorotsuki,Drama,nan,97,16+,Movie,1992,JP,ja,1,False,,
tt0186929,Concierto de almas,Drama,nan,73,16+,Movie,1942,AR,nan,1,False,4.5,18.0
tt18816170,Le monde d'après,Comedy,nan,61,PG,Movie,2022,FR,nan,1,True,6.5,26.0
tt1237373,Special Ops,Action,Thriller,98,18+,Movie,2010,VN,en,1,False,3.0,470.0
tt8332772,Hanalei Bay,Drama,nan,97,16+,Movie,2018,AU,en,1,False,6.1,156.0
tt21372066,"Desperate Souls, Dark City and the Legend of Midnight Cowboy",Documentary,History,101,PG,Movie,2022,AU,en,1,True,6.9,364.0
tt1825155,The Craving,Comedy,Drama,90,PG,Movie,2011,GB,nan,1,True,4.0,81.0
tt0116723,Judge & Jury,Action,Horror,98,18+,Movie,1996,BR,fr,1,False,4.1,286.0
tt12681666,The Secrets That Bind,Drama,nan,54,13+,Movie,2020,US,nan,1,False,,
tt0018664,The Avenging Shadow,Crime,Drama,50,13+,Movie,1928,GB,nan,1,False,,
tt18213362,The Last Artisans of Venice,Documentary,nan,52,13+,Movie,2022,DE,nan,1,False,6.7,10.0
tt2151280,The Good Daughter,Action,Crime,30,13+,Series,2012,IN,en,78,False,9.5,15.0
tt0137088,Macumba,nan,nan,88,PG,Movie,1982,JP,ja,1,True,6.4,14.0
tt0087517,Juice,Adult,Drama,72,13+,Movie,1984,US,nan,1,False,7.0,27.0
tt4702672,Fred's Head,Animation,nan,22,PG,Series,2008,CA,fr,26,True,7.5,61.0
tt0229429,Amazons in White,Action,Horror,95,16+,Movie,1995,GB,en,1,False,4.5,25.0
tt8088056,Moonrise Over Egypt,History,nan,112,PG,Movie,2018,US,nan,1,True,7.5,35.0
tt4197196,River Rats,Documentary,nan,61,13+,Movie,2014,NZ,nan,1,False,,
tt0069460,The Annuity,Comedy,nan,101,13+,Movie,1972,PT,en,1,False,6.9,1381.0
tt1634833,Overdose,Documentary,News,47,13+,Movie,2010,SE,en,1,False,7.6,428.0
tt2577658,My Amiga Girl,Comedy,nan,105,13+,Movie,2012,PH,nan,1,False,,
tt0083555,Ana,Drama,nan,115,13+,Movie,1982,AU,en,1,False,7.0,192.0
tt0223654,A Long Way from Home,Documentary,nan,57,13+,Movie,1986,US,fr,1,False,,
tt0099377,Deadbeat at Dawn,Action,Crime,80,16+,Movie,1988,GR,ru,1,False,6.4,3034.0
tt13416558,Paris Saint-Germain vs Manchester City,Sport,nan,96,PG,Movie,2016,FR,nan,1,True,,
tt13092932,Loving Neverland,Documentary,nan,315,13+,Movie,2020,GB,nan,1,False,8.5,305.0
tt2551084,Za onanii kurabu 2: Joi sanshimai-hen,nan,nan,61,PG,Movie,1990,JP,ja,1,True,,
tt6048366,Honban ura no ura,nan,nan,60,16+,Movie,1988,JP,ja,1,False,,
tt6528174,Fake News,Comedy,nan,10,16+,Series,2020,HK,nan,1,False,7.9,18.0
tt1385945,Needhikku Thandanai,nan,nan,143,PG,Movie,1987,IN,nan,1,True,8.4,8.0
tt0963966,The Sorcerer's Apprentice,Action,Adventure,109,16+,Movie,2010,PH,en,1,False,6.1,175339.0
tt0465479,Princess in Wonder,Comedy,nan,96,PG,Movie,2003,XWW,en,1,True,,
tt27295904,Ikasama shinshiroku,nan,nan,51,16+,Movie,1956,JP,ja,1,False,,
tt14824988,Real Comedians Challenge Show,nan,nan,40,PG,Series,2020,US,nan,18,True,8.8,11.0
tt3472754,Occupy the Farm,Documentary,nan,90,PG,Movie,2014,US,nan,1,True,8.6,19.0
tt11644714,Do-Gooder,Drama,nan,61,PG,Movie,2020,GB,nan,1,True,,
tt0041436,Der große Mandarin,nan,nan,105,PG,Movie,1949,XWG,sr,1,True,6.3,14.0
tt5724948,Old Boys,Comedy,nan,96,PG,Movie,2018,US,bg,1,True,6.1,1496.0
tt1361299,24h Marrakech,Drama,nan,100,PG,Movie,2010,MA,nan,1,True,6.8,15.0
tt0968319,The Northern Face of Sunflower,Documentary,nan,59,PG,Movie,2006,XWW,en,1,True,,
tt4554706,World's Biggest Happy,Comedy,Family,89,G,Movie,1988,GB,en,1,True,,
tt12333482,O Horizon,Documentary,nan,90,PG,Movie,2018,IN,nan,1,True,,
tt27611340,Bachhala Malli,Action,Drama,140,16+,Movie,2024,DE,en,1,False,8.2,4019.0
tt7343524,Bison Return,Documentary,nan,45,PG,Movie,2017,CA,nan,1,True,,
tt14738902,Guitare d'amour,Musical,nan,102,16+,Movie,1973,LB,nan,1,False,,
tt0011647,The Round-up,Comedy,Western,70,PG,Movie,1920,FR,nan,1,True,6.1,245.0
tt3759954,Alai,Comedy,Romance,158,13+,Movie,2003,IN,en,1,False,3.7,164.0
tt0156695,Kavi,Drama,nan,151,16+,Movie,1949,IN,nan,1,False,8.2,16.0
tt36600046,Par amour II,Drama,nan,81,13+,Movie,2024,CD,nan,1,False,,
tt2261817,Maestro,Adventure,Documentary,81,13+,Movie,2015,US,ja,1,False,7.5,55.0
tt0055014,Silahlar konusuyor,Adventure,Crime,90,PG,Movie,1961,TR,tr,1,True,6.4,25.0
tt2306473,Bitter Seeds,Documentary,nan,88,PG,Movie,2011,US,nan,1,True,7.8,124.0
tt9078990,Khamiyaza: Journey of a Common Man,Action,Drama,130,13+,Movie,2019,GB,en,1,False,5.4,24.0
tt0374162,Remembrance,Documentary,nan,86,13+,Movie,2003,MX,en,1,False,7.7,20.0
tt1570591,Haha no tabiji,nan,nan,92,PG,Movie,1958,XWW,en,1,True,7.0,5.0
tt33308692,Half-Life of Memory: America's Forgotten Atomic Bomb Factory,Documentary,nan,55,PG,Movie,2024,AU,en,1,True,7.6,6.0
tt4755340,Lyudi lunnogo sveta,Drama,nan,67,13+,Movie,2013,RU,nan,1,False,,
tt28328581,Golpe de suerte,Drama,nan,60,16+,Series,2023,DE,nan,92,False,5.1,52.0
tt1534346,Secretos de familia,Drama,nan,95,16+,Movie,2009,EC,nan,1,False,2.6,47.0
tt0243211,Delusional,Thriller,nan,95,13+,Movie,2003,CA,en,1,False,5.9,26.0
tt5070052,Second Chances,Drama,nan,135,13+,Movie,2016,US,nan,1,False,,
tt8630270,O pyretos tou moundial,Documentary,Sport,54,PG,Series,2014,GR,nan,19,True,,
tt7351230,Papi,Action,Drama,138,13+,Movie,1990,IN,en,1,False,,
tt1223454,Mujeres de hierro,nan,nan,64,16+,Movie,2007,AR,nan,1,False,,
tt1526636,Romane Paramisa,Documentary,Drama,116,PG,Movie,2009,AT,nan,1,True,,
tt26887171,Petta Rap,Action,Comedy,123,13+,Movie,2024,AU,en,1,False,3.5,1718.0
tt0020968,Her Wedding Night,Comedy,Romance,75,16+,Movie,1930,GB,ja,1,False,7.0,74.0
tt2008306,Queen of Ahyeon,Drama,nan,30,13+,Series,2007,GB,en,204,False,,
tt2111406,Jû shichinin no ninja,Action,nan,99,18+,Movie,1963,BR,bg,1,False,7.0,88.0
tt11713016,Elliot,Crime,Horror,50,18+,Movie,2020,US,nan,1,False,6.2,7.0
tt0141352,Three Scenes with Ingmar Bergman,Biography,Documentary,92,PG,Movie,1975,XWG,en,1,True,6.8,53.0
tt3154310,Walt Before Mickey,Biography,Drama,107,16+,Movie,2015,EE,bg,1,False,5.9,6573.0
tt6406856,La espera,Drama,nan,60,PG,Movie,2015,BR,nan,1,True,,
tt26655658,Kaushaljis vs Kaushal,Drama,nan,131,13+,Movie,2025,AU,en,1,False,6.2,10892.0
tt2572030,Pass the Light,Drama,Family,112,PG,Movie,2015,AU,en,1,True,4.5,182.0
tt2290175,Burning Folk: A Road Movie,Adventure,Comedy,110,16+,Movie,2012,US,nan,1,False,,
tt2085862,Looking Four Mecca,Documentary,nan,80,13+,Movie,2011,SE,nan,1,False,8.5,38.0
tt3729924,Black Home,Drama,Thriller,105,16+,Movie,2015,US,nan,1,False,7.4,35.0
tt4229948,Scathing,Horror,Mystery,83,18+,Movie,2016,AU,en,1,False,3.1,461.0
tt0297500,Big Night Out,Comedy,Musical,49,PG,Series,1961,GB,nan,1,True,8.3,8.0
tt28258741,SSSR,Drama,History,50,13+,Series,2023,DE,nan,12,False,6.6,35.0
tt0119011,Double Take,Thriller,nan,86,13+,Movie,1997,ES,bg,1,False,4.7,343.0
tt0281848,Facade,Drama,nan,72,PG,Movie,1970,CA,nan,1,True,,
tt6542050,Hot Mess,Comedy,nan,90,13+,Movie,2018,AU,nan,1,False,5.0,123.0
tt1029891,Home Made Simple,Reality-TV,nan,60,13+,Series,2006,US,nan,75,False,8.7,14.0
tt9323034,Kayseri Aslani: Çin Isi,Comedy,nan,92,16+,Movie,2017,TR,tr,1,False,3.6,124.0
tt8130254,Awakening,nan,nan,45,13+,Movie,2018,US,nan,1,False,,
tt0142417,Jorge Brum do Canto,Biography,Documentary,50,16+,Movie,1982,PT,nan,1,False,,
tt2604154,The One and Only June Foray,Documentary,nan,70,PG,Movie,2013,US,nan,1,True,,
tt9695416,"Our dad, Danielle",Documentary,Drama,94,13+,Movie,2024,US,nan,1,False,9.5,19.0
tt6302650,My Aunt Toty,Biography,Documentary,86,PG,Movie,2016,EC,bg,1,True,7.5,8.0
tt2188533,Toisenlaiset frendit,Documentary,nan,30,13+,Series,2010,FI,nan,1,False,7.2,38.0
tt2072996,I've Got This Idea for a Film,Documentary,nan,61,13+,Movie,2011,AU,nan,1,False,7.7,19.0
tt0048628,Six Bridges to Cross,Crime,Drama,96,16+,Movie,1955,DK,qbn,1,False,6.7,807.0
tt0051034,Susanna tutta panna,Comedy,Romance,87,13+,Movie,1957,BR,nan,1,False,6.1,112.0
tt0058758,X-paroni,Comedy,nan,85,16+,Movie,1964,FI,sv,1,False,5.5,393.0
tt14122576,Khalf Aswar Al Jamea'a (Behind University's Walls),Comedy,nan,110,16+,Movie,1981,EG,nan,1,False,6.2,7.0
tt21098832,A Boy Called Piano - The Story of Fa'amoana 'John' Luafutu,Drama,nan,57,13+,Movie,2022,XWW,en,1,False,8.0,9.0
tt1820673,So You're Going Crazy...,Animation,Comedy,51,PG,Movie,2010,CA,nan,1,True,,
tt16731076,Eu Nativo (Natives),Documentary,nan,71,PG,Movie,2022,BR,nan,1,True,,
tt0451535,Luces en la noche,Musical,nan,60,PG,Series,1966,ES,nan,63,True,,
tt1734163,The Price of Sex,Crime,Documentary,72,16+,Movie,2011,AU,en,1,False,7.5,191.0
tt0949788,Faireez,Animation,Family,12,PG,Series,2005,AU,nan,1,True,6.0,17.0
tt0285083,Falun Gong's Challenge to China,Documentary,nan,56,PG,Movie,2001,US,nan,1,True,7.2,20.0
tt0146782,Fräulein Berlin,Drama,nan,90,13+,Movie,1984,XWG,nan,1,False,5.2,20.0
tt13323468,Ravana Desam,Drama,nan,121,16+,Movie,2013,IN,nan,8,False,,
tt0413747,Struggle for Love,Drama,Romance,86,16+,Movie,1966,XWW,en,1,False,6.3,18.0
tt0080084,Vedo nudo,Comedy,Romance,117,16+,Movie,1969,PT,en,1,False,6.2,586.0
tt0306442,Afrika,Action,Drama,112,16+,Movie,2002,HK,yue,1,False,5.0,151.0
tt0439974,Unsere Penny,Family,nan,25,13+,Series,1975,XWG,nan,13,False,,
tt1495990,The Meaning of Filo,Drama,Mystery,48,PG,Movie,2009,US,nan,1,True,9.0,29.0
tt0294040,Cooperama,Comedy,nan,35,13+,Series,1966,GB,nan,7,False,7.8,11.0
tt15132268,The Palace,Documentary,nan,100,13+,Movie,2021,GB,en,1,False,5.9,41.0
tt6448170,New Happy Dad and Son 2: The Instant Genius,Comedy,Family,85,G,Movie,2016,GB,en,1,True,2.8,7.0
tt1337525,Limen [Omission],Crime,Drama,94,16+,Movie,2012,IT,nan,1,False,7.5,18.0
tt3813334,Hank Boyd Is Dead,Comedy,Horror,76,PG,Movie,2015,GB,nan,1,True,4.4,146.0
tt14922316,Mana,Drama,nan,87,13+,Movie,2009,IR,nan,1,False,,
tt13658112,O Artista e a Força do Pensamento,Documentary,nan,94,13+,Movie,2021,BR,nan,1,False,,
tt5161588,Relics of the Madré Véna,Action,Adventure,110,16+,Movie,2017,US,nan,1,False,,
tt10300754,D'Art d'Art!,Documentary,nan,2,13+,Series,2002,FR,nan,22,False,,
tt13641126,30 meres,Reality-TV,nan,40,16+,Series,2017,CY,nan,9,False,,
tt10049110,Die Wiese,Documentary,nan,93,13+,Movie,2019,AT,nan,1,False,7.8,111.0
tt2486304,The Heroes of Arvine Place,Comedy,Drama,76,16+,Movie,2013,GB,nan,1,False,7.6,40.0
tt0067816,A sípoló macskakö,Comedy,Drama,96,PG,Movie,1972,HU,nan,1,True,7.0,136.0
tt13773314,Legend of Zhao Yun,Action,History,90,18+,Movie,2020,ID,en,1,False,6.1,98.0
tt0303445,Christmas,Action,Cartoon,30,PG,Series,1990,GB,nan,6,True,7.5,16.0
tt0094255,The Verne Miller Story,Drama,nan,95,PG,Movie,1987,HU,fr,1,True,4.9,372.0
tt7415694,"Hadaka no Nippon: Shufu, jokôsei baishun",nan,nan,70,PG,Movie,1971,JP,ja,1,True,,
tt9603394,Det jättestora juleljuset,Drama,nan,13,16+,Series,2016,FI,nan,23,False,,
tt3041342,Mindplant: Trimorphia,Science Fiction,Thriller,19,18+,Movie,2015,US,nan,1,False,,
tt2717318,I Am Soldier,Action,Thriller,84,18+,Movie,2014,PT,ja,1,False,4.6,2157.0
tt0077912,Mardi Gras Massacre,Horror,nan,97,16+,Movie,1978,GR,ru,1,False,4.0,1217.0
tt20449038,The Sexual Century: The Look of Love,Documentary,nan,60,13+,Series,1999,GB,nan,13,False,,
tt0062761,Brutti di notte,Comedy,nan,91,16+,Movie,1968,IT,nan,1,False,4.7,49.0
tt0271293,Il y a plusieurs locataires à l'adresse indiquée,nan,nan,52,G,Series,1979,FR,nan,6,False,,
tt13183738,El Doctor Don Chinche,Comedy,nan,20,13+,Series,1990,CO,nan,9,False,,
tt0197061,The Magus,Documentary,nan,56,13+,Movie,1999,XWW,en,1,False,7.7,56.0
tt10047356,Eises Kälte - Frozen in Time,Mystery,nan,92,PG,Movie,2018,DE,nan,1,True,5.6,19.0
tt8431114,Vergara,Comedy,Drama,76,PG,Movie,2018,AR,nan,1,True,4.0,7.0
tt0029783,Wings Over Africa,Action,Adventure,62,16+,Movie,1936,AU,tr,1,False,4.3,63.0
tt0375008,Remedy,Crime,Drama,82,13+,Movie,2006,GB,ja,1,False,4.2,263.0
tt0272383,Fred-dy,nan,nan,60,13+,Series,2001,CA,nan,1,False,6.6,12.0
tt4087154,The Unruly Mystic: Saint Hildegard,Biography,Documentary,65,16+,Movie,2014,IR,fa,1,False,7.4,16.0
tt0033040,The Shadow,Action,Adventure,285,13+,Movie,1940,BR,en,1,False,6.8,402.0
tt36602043,Dora and Paigie,Animation,nan,12,PG,Series,2025,US,nan,2,True,,
tt6683774,Last Stand at Dodge,Documentary,Music,79,13+,Movie,2017,US,nan,1,False,,
tt10218948,Aitebaar,Comedy,Drama,80,13+,Movie,2017,nan,nan,1,False,6.7,15.0
tt32843157,Pretty Hurts,Drama,nan,62,16+,Movie,2024,AU,en,1,False,5.1,20.0
tt1142560,Derby in Black,Documentary,nan,46,13+,Movie,2007,US,nan,1,False,,
tt3247786,Restoration Garage,Documentary,nan,60,13+,Series,2013,CA,en,44,False,6.8,119.0
tt0166682,The Lady with the Torch,Documentary,nan,119,13+,Movie,1999,ES,nan,1,False,6.4,113.0
tt26246742,Midnight Bloodshed,Horror,nan,105,18+,Movie,2023,US,nan,1,False,6.3,7.0
tt0042299,California Passage,Drama,Western,90,16+,Movie,1950,US,es,1,False,6.3,167.0
tt1965039,Ritals,Comedy,Documentary,75,13+,Movie,2012,IT,nan,1,False,,
tt0375828,Ikiteiru Koheiji,Musical,nan,61,13+,Movie,1957,XWW,en,1,False,,
tt1212453,Bayside Shakedown 3: Set the Guys Loose,Drama,nan,141,13+,Movie,2010,XWW,en,1,False,5.5,357.0
tt17043680,Milagro de otoño,Drama,nan,97,13+,Movie,2020,AR,nan,1,False,,
tt0359546,Kasam Suhag Ki,Action,Crime,145,13+,Movie,1989,BR,hi,1,False,5.4,42.0
tt3673790,On the Scene,News,nan,30,PG,Series,2011,US,nan,7,True,,
tt5198136,Short Cut to Haifa,Comedy,Drama,90,16+,Movie,1974,IL,en,1,False,6.4,28.0
tt34174515,Red Flower,Drama,nan,80,PG,Movie,2024,IN,en,1,True,4.6,15.0
tt6764698,Superspies,Documentary,nan,55,13+,Movie,1981,US,nan,1,False,,
tt4915556,Good Evening,Documentary,nan,92,PG,Movie,2004,GB,en,1,True,,
tt4563640,The Embargo Project,Drama,nan,73,16+,Movie,2015,CA,en,1,False,,
tt0352312,Eden,Animation,Comedy,85,13+,Movie,2002,PL,nan,1,False,5.9,31.0
tt3921954,Co-Workers in a Barely Different Dimension,Sci-Fi,Sci-Fi,5,16+,Series,2010,US,nan,11,False,,
tt30781223,Instinct Animal,Documentary,nan,102,PG,Series,2022,FR,nan,2,True,,
tt15799866,Silent Night,Action,Crime,104,13+,Movie,2023,SE,en,1,False,5.3,26639.0
tt0162803,The Everly Brothers Show,Comedy,Music,60,PG,Series,1970,US,nan,10,True,8.0,37.0
tt10079396,A La Carte,Drama,Romance,60,16+,Series,2019,GB,en,10,False,7.6,114.0
tt5638158,After Party,Comedy,nan,25,13+,Series,2016,ES,nan,15,False,,
tt19495814,The Truth Lies in Rostock,Documentary,History,79,13+,Movie,1993,nan,nan,1,False,,
tt0207530,Image of Death,Documentary,nan,71,13+,Movie,1989,JP,en,1,False,5.4,9.0
tt2577138,House of Another,Drama,Thriller,88,16+,Movie,2013,US,nan,1,False,7.8,9.0
tt3282386,Realms,Drama,Fantasy,58,PG,Movie,2013,US,nan,1,True,,
tt0152265,Safety Patrol,Comedy,Family,96,PG,Movie,1998,RU,nan,1,True,4.3,691.0
tt0018739,Cagliostro - Liebe und Leben eines großen Abenteurers,Horror,Thriller,58,16+,Movie,1929,DE,nan,1,False,6.4,153.0
tt7208566,The Empty Iris,Drama,nan,94,13+,Movie,2017,US,nan,1,False,8.5,9.0
tt15495000,The Unnameable Dance,Documentary,nan,115,PG,Movie,2021,JP,en,1,True,7.2,11.0
tt1520453,Twelve Thirty,Drama,nan,126,13+,Movie,2010,AU,en,1,False,4.8,285.0
tt1775874,Michaela's Wild Challenge,Adventure,Documentary,25,PG,Series,2003,GB,nan,52,True,,
tt22542840,A Japanese with Such a Face!! Michelle Takizawa,nan,nan,120,16+,Movie,2012,JP,nan,1,False,,
tt0072970,Comedie fantastica,Comedy,Fantasy,84,16+,Movie,1975,RO,nan,1,False,6.5,98.0
tt17739690,Bukolandia,Animation,nan,26,G,Series,1997,PL,nan,3,True,,
tt0199810,Impossible Woman,Action,Adventure,82,16+,Movie,1982,PT,tr,1,False,5.5,58.0
tt0061591,"Don't Raise the Bridge, Lower the River",Comedy,nan,99,PG,Movie,1968,DE,tr,1,True,4.7,754.0
tt15031054,Sundara Purushan,Comedy,Drama,149,PG,Movie,1996,IN,nan,1,True,6.4,14.0
tt10443044,Higi no tehodoki,nan,nan,61,16+,Movie,1989,JP,ja,1,False,,
tt0798882,Le roman du tzigane,nan,nan,50,13+,Movie,1914,FR,nan,1,False,,
tt0222373,Ski ala Carte,Documentary,Sport,93,PG,Movie,1978,US,nan,1,True,7.3,16.0
tt0231937,Královský omyl,Drama,History,93,16+,Movie,1968,CSHH,nan,1,False,6.8,25.0
tt1284591,Süt,Drama,nan,102,13+,Movie,2008,RO,en,1,False,6.6,3507.0
tt0244478,"Danke, es geht mir gut",Comedy,nan,70,PG,Movie,1948,DE,nan,1,True,7.0,17.0
tt0880849,Literaturclub,Talk-Show,nan,75,PG,Series,1990,CH,nan,294,True,6.8,9.0
tt2358629,Some Girls,Comedy,nan,30,16+,Series,2012,AU,en,18,False,7.6,2039.0
tt3571468,Beti and Amare,Fantasy,Romance,94,13+,Movie,2014,US,nan,1,False,6.5,64.0
tt5191238,Dedemin Fisi,Comedy,Family,100,PG,Movie,2016,DE,tr,1,True,5.6,4254.0
tt28183145,Amidst a Snowstorm of Love,Drama,Romance,45,13+,Series,2024,US,en,30,False,7.9,1559.0
tt0061627,Between Sweet and Salt Water,Drama,Music,85,13+,Movie,1967,PL,en,1,False,7.3,322.0
tt0318229,Lex & Klatten,Comedy,Music,25,13+,Series,1997,DK,nan,1,False,7.4,97.0
tt0012962,Boomerang Justice,Drama,Western,50,PG,Movie,1922,US,nan,1,True,,
tt0422722,Los marqueses de Atarés,Documentary,nan,46,PG,Movie,2003,CU,nan,1,True,,
tt1431089,Kabut bulan madu,nan,nan,99,13+,Movie,1972,ID,nan,1,False,,
tt0068497,Doomsday Voyage,Action,Drama,88,16+,Movie,1972,EC,nan,1,False,3.5,59.0
tt6097500,Box,Thriller,nan,96,PG,Movie,2016,IN,nan,1,True,,
tt1519826,Chamar a música,Game-Show,Music,60,PG,Series,2008,PT,nan,1,True,,
tt0329882,María José,nan,nan,30,13+,Series,1978,nan,nan,254,False,,
tt10345888,Vogadors de Mar Obert,Adventure,Documentary,69,13+,Movie,2019,US,nan,1,False,,
tt7238824,S.W.A.: Scotch Whisky Association,Comedy,Short,5,PG,Series,2016,US,nan,23,True,,
tt1361839,Sons of Tucson,Comedy,nan,30,16+,Series,2010,MX,bg,13,False,7.0,2290.0
tt8160794,The Greenhouse,Drama,nan,97,16+,Movie,2021,SG,en,1,False,4.7,199.0
tt5396768,Crazy Cat Lady,Comedy,Drama,70,16+,Movie,2016,GB,nan,1,False,,
tt0030058,Diamonds,nan,nan,70,PG,Movie,1939,ES,en,1,True,,
tt16118262,Restart the Earth,Science Fiction,Sci-Fi,89,13+,Movie,2021,IT,en,1,False,4.2,806.0
tt2344746,Aoi Skirt: Kiken'na Shiiku,nan,nan,62,PG,Movie,1984,JP,ja,1,True,,
tt1683909,Nad gorodom,Drama,Family,77,PG,Movie,2010,RU,nan,1,True,5.1,22.0
tt34797782,J'ai dessiné Drancy - Journal de Georges Koiransky,Documentary,nan,53,PG,Movie,2024,FR,nan,1,True,,
tt0048468,Paradise,Drama,nan,93,PG,Movie,1955,XWW,en,1,True,5.6,18.0
tt37677682,"The Israel Files: Terrorism, Prophecy, and God's Chosen People",Documentary,nan,48,PG,Movie,2024,US,nan,1,True,,
tt13899082,Conflicted,Crime,Drama,130,18+,Movie,2021,CA,en,1,False,4.3,301.0
tt1592013,Portrait of a Nation,Reality-TV,nan,30,13+,Series,2009,US,nan,17,False,,
tt7538788,Secrets of the Hive,Documentary,nan,50,PG,Movie,2015,nan,nan,1,True,7.7,22.0
tt10715080,Crimson's Ladder,Drama,nan,44,16+,Series,2021,US,nan,1,False,,
tt0814385,La vida comienza ahora,Drama,nan,116,13+,Movie,1960,CU,nan,1,False,,
tt29210216,Ekstrim,Comedy,Crime,25,13+,Series,2024,DE,nan,8,False,5.9,30.0
tt0036716,Cobra Woman,Adventure,Drama,71,13+,Movie,1944,FI,qbn,1,False,5.7,1377.0
tt0049809,Sûpâ jaiantsu,Action,Adventure,49,16+,Movie,1957,JP,ja,1,False,6.0,59.0
tt8165242,Masacre en Teques,Horror,nan,105,18+,Movie,2023,MX,nan,1,False,6.7,22.0
tt1054550,Seguridad total,Talk-Show,nan,30,13+,Series,2006,MX,nan,7,False,,
tt27238438,The Manson Murders,Documentary,nan,46,PG,Movie,2023,AU,nan,1,True,4.4,44.0
tt0022252,The Darling of Paris,Drama,nan,117,16+,Movie,1931,GR,tr,1,False,5.8,38.0
tt7472474,Berlin Underground,Action,Documentary,45,18+,Movie,2020,DE,nan,1,False,,
tt2479280,100 dage uden stoffer,Documentary,nan,120,PG,Movie,2011,DK,nan,1,True,,
tt3091120,Shikijô joshibenjo: Shitataru!,nan,nan,60,PG,Movie,1995,JP,en,1,True,,
tt0369136,Mustajärven oudot linnut,Adventure,Family,30,G,Series,1991,FI,nan,9,True,,
tt0361001,Solunski patrdii,Comedy,nan,55,13+,Series,1985,AU,nan,3,False,8.5,110.0
tt4597962,The Curse of the White Woman,Drama,Horror,97,16+,Movie,2016,DE,nan,1,False,2.1,19.0
tt2816034,Zaildaar,Action,nan,171,13+,Movie,1995,DE,nan,1,False,,
tt7845644,Single Parents,Comedy,nan,30,18+,Series,2018,EG,en,45,True,7.2,7775.0
tt4169074,Automatic at Sea,Adventure,Drama,87,PG,Movie,2016,AU,en,1,True,5.4,124.0
tt35825388,Utchari himegimi,nan,nan,77,PG,Movie,1961,JP,ja,1,True,,
tt0081518,Simon,Sci-Fi,Sci-Fi,101,16+,Movie,1980,DE,ru,1,False,6.3,1133.0
tt0039790,Russkiy vopros,Drama,nan,91,PG,Movie,1948,SUHH,ru,1,True,5.9,132.0
tt0330713,Ocean Men: Extreme Dive,Documentary,Sport,90,PG,Movie,2001,AT,ja,1,True,7.5,168.0
tt11123310,Tendenza,Documentary,nan,60,PG,Movie,2020,CA,en,1,True,,
tt2909140,Muktodhara,Drama,nan,160,13+,Movie,2012,IN,en,1,False,8.0,916.0
tt0083792,The Dark Room,Drama,Thriller,94,18+,Movie,1982,SE,en,1,False,5.6,102.0
tt0099195,Butterbrot,Romance,nan,93,16+,Movie,1990,XWG,nan,1,False,5.1,43.0
tt0286367,Legacy of Murder,Comedy,nan,30,16+,Series,1982,GB,nan,6,False,7.7,24.0
tt0108162,Sliver,Drama,Thriller,107,18+,Movie,1993,FR,en,1,False,5.1,36764.0
tt0050951,Zárijové noci,Drama,nan,87,13+,Movie,1957,PL,nan,1,False,6.8,21.0
tt0466660,After Roberto,Drama,Mystery,118,PG,Movie,2005,US,nan,1,True,7.1,41.0
tt15881964,Liberland,Documentary,nan,52,PG,Movie,2021,BE,nan,1,True,5.6,10.0
tt28021929,Düsünüyorum Öyleyse Varim,Documentary,nan,20,13+,Series,2023,TR,nan,5,False,,
tt0200951,5 Women for One Man,Comedy,nan,79,16+,Movie,1967,GB,en,1,False,4.0,18.0
tt1322260,Adep akhlak,nan,nan,75,13+,Movie,2008,KG,nan,1,False,,
tt8963328,Hi Score Girl,Animation,Comedy,25,13+,Series,2018,US,en,24,False,7.9,2779.0
tt1142407,Napsu gila,Drama,Horror,95,13+,Movie,1973,XWW,en,1,False,6.2,268.0
tt26624527,Asheghha istadeh mimirand,War,nan,70,13+,Movie,2013,IR,nan,1,False,3.9,9.0
tt1255951,De Dana Dan,Comedy,Crime,162,16+,Movie,2009,RU,en,1,False,6.0,12186.0
tt3623958,Wild Racers,Reality-TV,nan,30,18+,Series,2014,AU,nan,24,True,,
tt2266886,Why Do You Smell Like the Ocean?,Comedy,Crime,105,13+,Movie,2013,US,nan,1,False,7.9,32.0
tt38090786,Catchphrase,Game-Show,nan,45,16+,Series,2013,ZA,en,63,False,,
tt7909204,Reign of Chaos,SciFi,Sci-Fi,77,18+,Movie,2022,ES,en,1,False,2.0,632.0
tt1207769,Squillo,Drama,nan,92,16+,Movie,1964,IT,nan,1,False,4.1,9.0
tt15129092,Doctor Ivanov,Drama,Romance,44,PG,Series,2021,RU,en,24,True,7.2,12.0
tt0197400,"Delitti, amore e gelosia",nan,nan,93,G,Movie,1982,XEU,en,1,False,5.7,23.0
tt12063040,Stay at Home,News,nan,30,PG,Series,2020,AE,nan,52,True,,
tt3917710,The Baker,Action,Crime,104,18+,Movie,2022,PH,en,1,False,5.9,3691.0
tt8289480,Treadstone,Action,Drama,44,13+,Series,2019,ES,en,10,False,6.9,13348.0
tt5351006,Act & Punishment,Documentary,nan,90,PG,Movie,2015,BR,nan,1,True,7.2,22.0
tt0254138,The Handicapped Engagement,Comedy,Romance,80,13+,Movie,1937,XWW,en,1,False,6.0,9.0
tt7175238,Los últimos románticos,Action,Adventure,100,13+,Movie,2019,AR,nan,1,False,6.2,75.0
tt31557869,Manic Object Brawl,Action,Adventure,10,13+,Series,2022,FR,nan,8,False,7.9,11.0
tt3188768,Holidays in the Sun,Drama,nan,94,PG,Movie,2014,GB,en,1,True,5.6,1143.0
tt37300484,Suzy and Jake,Comedy,nan,8,PG,Series,2025,US,nan,15,True,,
tt0379153,The Woodentops,Family,nan,15,13+,Series,1955,GB,nan,26,False,7.8,29.0
tt1130015,Passion Hölderlin,Documentary,nan,66,13+,Movie,2004,DE,nan,1,False,,
tt4746538,Muntele Magic,Animation,Biography,85,PG,Movie,2014,FR,nan,1,True,,
tt0491287,On s'appelle,Comedy,Short,5,PG,Series,2005,FR,nan,40,True,,
tt2836448,Sadie,Drama,Music,12,13+,Series,2013,US,nan,10,False,,
tt8005682,Paniolo O Hawai'i Cowboys of the Far West,Documentary,nan,58,13+,Movie,1998,US,nan,1,False,,
tt7558910,"Itoshi no Nora, shiawase no meguriai",Drama,nan,82,16+,Movie,2017,JP,ja,1,False,,
tt0055741,La alternativa,Drama,nan,90,13+,Movie,1963,ES,nan,1,False,,
tt0327629,Denen no yuutsu,nan,nan,110,13+,Movie,2001,JP,nan,1,False,,
tt0273855,My Wife and Kids,Comedy,Family,30,PG,Series,2000,HK,en,125,True,7.0,31359.0
tt1685581,Nippon no ichiban nagai natsu,Documentary,nan,110,13+,Movie,2010,JP,ja,1,False,5.9,8.0
tt1131577,The Tulse Luper Suitcases: Antwerp,Drama,History,120,PG,Movie,2003,IT,nan,1,True,6.1,162.0
tt0125524,Søren Søndervold,Comedy,Drama,120,16+,Movie,1942,DK,nan,1,False,6.9,48.0
tt8202794,"Manzanas, pollos y quimeras",Documentary,nan,85,PG,Movie,2013,ES,nan,1,True,8.3,6.0
tt0064006,The Alley Cats,Drama,nan,83,13+,Movie,1966,IT,fr,1,False,4.8,243.0
tt2186731,Department,Action,Crime,141,18+,Movie,2012,GB,en,1,False,3.2,1182.0
tt4598282,Nya Dagbladet,Drama,nan,37,13+,Series,1985,SE,nan,10,False,,
tt0203068,Reto a la vida,Crime,Drama,95,18+,Movie,1988,MX,nan,1,False,6.8,18.0
tt0135380,Deep Tango,Adult,Comedy,86,13+,Movie,1974,US,nan,1,False,5.1,57.0
tt5599818,Ember,Drama,nan,115,PG,Movie,2016,RU,cmn,1,True,6.4,3024.0
tt19631488,La fraude,Drama,nan,83,PG,Movie,2022,FR,nan,1,True,,
tt0090214,Tukuma,Drama,nan,100,PG,Movie,1984,CA,en,1,True,5.9,64.0
tt3280916,The Atticus Institute,Horror,nan,83,16+,Movie,2015,nan,nan,1,False,5.5,9985.0
tt1515999,Welle Wahnsinn,Comedy,nan,30,16+,Series,1982,XWG,nan,1,False,6.7,16.0
tt13055630,#Travel,Documentary,nan,23,13+,Series,2020,US,nan,5,False,,
tt0089084,Az elvarázsolt dollár,Comedy,Crime,90,16+,Movie,1986,RO,cs,1,False,7.0,878.0
tt0053854,Gaudí,nan,nan,110,PG,Movie,1960,ES,nan,1,True,6.3,11.0
tt1772868,Fussgängerzone,Documentary,nan,60,PG,Movie,2010,DE,nan,1,True,,
tt31862811,Forging a Life,Documentary,nan,94,13+,Movie,2024,US,nan,1,False,,
tt18920258,Quota - The Reservation,Drama,History,84,16+,Movie,2022,IN,en,1,False,8.8,212.0
tt3222710,Gûwa denrei,Drama,nan,80,16+,Movie,1983,JP,ja,1,False,,
tt1330616,Ungirlfriendable,Comedy,Romance,98,13+,Movie,2008,US,nan,1,False,4.9,25.0
tt1660398,New Beijing: Reinventing a City,Documentary,nan,52,13+,Movie,2009,AU,nan,1,False,6.2,10.0
tt0227682,Trampas de amor,Comedy,Drama,87,PG,Movie,1969,MX,nan,1,True,6.6,27.0
tt12105784,Fun on the Run,Comedy,nan,87,16+,Movie,1970,GB,en,1,False,,
tt6567012,West of Sunshine,Crime,Drama,78,16+,Movie,2017,AU,nan,1,False,5.9,792.0
tt0337552,Mail Call,Comedy,Documentary,30,16+,Series,2002,IN,en,81,False,8.4,515.0
tt33342932,Ma que gou,Drama,nan,93,13+,Movie,2024,CN,cmn,1,False,7.0,46090.0
tt13044128,Dofaat Al Qahira,Drama,Romance,38,PG,Series,2019,DE,nan,30,True,5.9,217.0
tt4765430,Emery Tales,Documentary,nan,66,13+,Movie,2015,GR,nan,1,False,,
tt15533134,Not My Fault: Brazil,Crime,Drama,45,16+,Series,2022,US,fr,10,False,8.5,44.0
tt35635906,The House Was Not Hungry Then,Horror,nan,92,18+,Movie,2025,AU,en,1,False,2.6,129.0
tt29612047,70072: la bambina che non sapeva odiare. La vera storia di Lidia Maksymowicz,Documentary,nan,57,13+,Movie,2020,IT,nan,1,False,,
tt19223252,Yere Yere Paisa,Comedy,nan,110,13+,Movie,2012,IN,nan,1,False,,
tt0140410,A Night in Venice,Comedy,Musical,76,16+,Movie,1953,PL,tr,1,False,5.0,21.0
tt31040456,Ghosts of Red Ridge,Action,Drama,81,13+,Movie,2024,AU,en,1,False,3.2,193.0
tt0267220,Pa'lante con Cristina,Talk-Show,nan,60,PG,Series,1989,US,es,1,True,5.2,46.0
tt8731842,Odu Raja Odu,Comedy,Crime,123,13+,Movie,2018,IN,nan,1,False,5.5,110.0
tt37578568,Stolen Lives,Documentary,nan,105,13+,Movie,2025,IE,nan,1,False,,
tt12540004,Berry and Dolly 2.,Animation,nan,65,13+,Series,2012,HU,nan,13,False,6.8,12.0
tt3698328,Teri Dilli Meri Dili,Drama,nan,73,13+,Movie,2014,IN,nan,9,False,8.1,14.0
tt0079859,The Sheriff and the Satellite Kid,Action,Comedy,93,16+,Movie,1979,XWG,en,8,False,6.1,4560.0
tt0014737,Bread,Drama,nan,70,16+,Movie,1924,US,ja,1,False,,
tt1634006,Henki,Biography,Documentary,49,13+,Movie,2004,FI,nan,1,False,,
tt2865892,Le temps Kanak,Documentary,nan,57,PG,Movie,2012,FR,nan,1,True,,
tt2562110,Tomio,Horror,nan,61,18+,Movie,2011,JP,ja,1,False,6.5,108.0
tt7385524,The Banished,Drama,Horror,88,PG,Movie,2019,MX,nan,1,True,3.6,194.0
tt8671600,West of Nowhere,Crime,Drama,63,16+,Movie,2018,PH,en,1,False,,
tt4548688,Galala,Reality-TV,nan,52,13+,Series,2015,CA,nan,22,False,8.9,9.0
tt5536296,Sex Taniwatari,nan,nan,62,13+,Movie,1975,JP,ja,1,False,,
tt4274036,OOolah,Drama,nan,120,PG,Movie,2014,US,nan,1,True,,
tt1641808,Bruce Springsteen and the E Street Band: London Calling - Live in Hyde Park,Documentary,Music,163,13+,Movie,2010,GB,nan,1,False,9.0,346.0
tt39027150,Birds from the Gods,Documentary,nan,52,PG,Movie,2004,PG,nan,8,True,,
tt9722130,Take the Dog,Drama,nan,80,16+,Movie,2015,US,nan,1,False,,
tt13646976,Bring Your Own Brigade,Documentary,nan,119,13+,Movie,2021,DE,en,1,False,7.2,393.0
tt5165650,No Future,Drama,History,85,13+,Movie,2015,NL,nan,1,False,,
tt38731975,Al Sada Al Afadel,nan,nan,125,PG,Movie,2025,AT,en,1,True,7.6,194.0
